Timestamp,Tweet,username,hashtags,followers_count
2020-04-06 21:04:53,b'@ICC #DeanElgar ($1) --&gt; Opener\n#RohitSharma ($1) --&gt; Opener\n#SteveSmith ($6) --&gt; Middle Order\n#BenStokes ($4) --&gt;\xe2\x80\xa6 https://t.co/GaMjlIw7Bp',b'CricketSaish237',"['DeanElgar', 'RohitSharma', 'SteveSmith', 'BenStokes']",150
2020-04-06 17:14:21,b'RT @YahooCricket: And the best ODI finisher from your country is.......?\n\n#cricket #glennmaxwell #BenStokes #DavidMiller #ODI #YahooCricket\xe2\x80\xa6',b'CricketFanatik',"['cricket', 'glennmaxwell', 'BenStokes', 'DavidMiller', 'ODI', 'YahooCricket']",79
2020-04-06 14:47:58,b'Poll 18\n\nCricket - Your favourite venue among below to watch a game live? \n\n#Quarantine #Cricket #ViratKohli\xe2\x80\xa6 https://t.co/mEPrQYkunx',b'Random_Tweets55',"['Quarantine', 'Cricket', 'ViratKohli']",8
2020-04-06 13:58:54,"b'Ben Stokes Takes Part in Virtual Formula 1 Grand Prix, Finishes Last on Debut\n#BenStokes #VirtualGP #F1\xe2\x80\xa6 https://t.co/V07c87W2QU'",b'latestly',"['BenStokes', 'VirtualGP', 'F1']",57694
2020-04-06 12:54:57,b'@thebharatarmy @msdhoni @imVkohli @ICC @CricketAus @yuzi_chahal @hardikpandya7 @benstokes38 @TheBarmyArmy\xe2\x80\xa6 https://t.co/UXFvnkheM3',b'Tuser1998',[],85
2020-04-06 12:41:06,b'RT @republic: Ben Stokes spins in Virtual GP to finish last while Charles Leclerc wins #F1 #VirtualGP #BenStokes #CharlesLeclerc https://t.\xe2\x80\xa6',b'mohitsmartlove',"['F1', 'VirtualGP', 'BenStokes', 'CharlesLeclerc']",1041
2020-04-06 12:40:52,b'Ben Stokes spins in Virtual GP to finish last while Charles Leclerc wins #F1 #VirtualGP #BenStokes #CharlesLeclerc https://t.co/sZB3fMtrCc',b'republic',"['F1', 'VirtualGP', 'BenStokes', 'CharlesLeclerc']",919590
2020-04-06 12:30:03,b'@liam628 Did Really Plunkett For A Boundary No Slip Fielding For This #deliveroo #BenStokes #F1Esports #SriLanka\xe2\x80\xa6 https://t.co/8sHTSrCKOd',b'AnthonysSquires',"['deliveroo', 'BenStokes', 'F1Esports', 'SriLanka']",5331
2020-04-06 12:00:00,b'And the best ODI finisher from your country is.......?\n\n#cricket #glennmaxwell #BenStokes #DavidMiller #ODI\xe2\x80\xa6 https://t.co/vOiUeKpmZn',b'YahooCricket',"['cricket', 'glennmaxwell', 'BenStokes', 'DavidMiller', 'ODI']",74664
2020-04-06 04:30:50,b'@OmarAbdullah No. He was released from house arrest few days back.\n\n#Benstokes',b'RogueTraderr',['Benstokes'],28
2020-04-05 20:02:24,"b'RT @TheCricketWire: @ICC @benstokes38 @F1 \xf0\x9f\x8f\x8f\n\nBen Stokes takes on 5 F1 drivers, including Ferrari\xe2\x80\x99s Charles Leclerc, in the sport\xe2\x80\x99s 2nd virt\xe2\x80\xa6'",b'SW_SportsWord',[],1317
2020-04-05 19:23:38,"b'RT @TheCricketWire: @ICC @benstokes38 @F1 \xf0\x9f\x8f\x8f\n\nBen Stokes takes on 5 F1 drivers, including Ferrari\xe2\x80\x99s Charles Leclerc, in the sport\xe2\x80\x99s 2nd virt\xe2\x80\xa6'",b'TheCricketWire',[],132
2020-04-05 19:18:16,"b'RT @TheCricketWire: @ICC @benstokes38 @F1 \xf0\x9f\x8f\x8f\n\nBen Stokes takes on 5 F1 drivers, including Ferrari\xe2\x80\x99s Charles Leclerc, in the sport\xe2\x80\x99s 2nd virt\xe2\x80\xa6'",b'f1fanview',[],1384
2020-04-05 19:15:17,"b'@ICC @benstokes38 @F1 \xf0\x9f\x8f\x8f\n\nBen Stokes takes on 5 F1 drivers, including Ferrari\xe2\x80\x99s Charles Leclerc, in the sport\xe2\x80\x99s 2nd\xe2\x80\xa6 https://t.co/dVQXmhslb9'",b'TheCricketWire',[],132
2020-04-05 15:57:52,"b'@englandcricket World Cup 2019... just had everything... bat, ball and field #extraordinary #cricket #BenStokes #JofraArcher'",b'SocialM79783862',"['extraordinary', 'cricket', 'BenStokes', 'JofraArcher']",4
2020-04-05 14:16:30,"b'Why some countries are still buying from China. And, if China relies on cheap labour then how a community will grow\xe2\x80\xa6 https://t.co/Nsp9Z86HmH'",b'waterlater',[],59
2020-04-05 03:40:03,b'RT @jkd18: @TheAhmedShariff This. This is the crap my taxes are subsizing #BenStokes #ShutDownJNU #JNU #Shame \xf0\x9f\xa4\xac\xf0\x9f\xa4\xac\xf0\x9f\xa4\xac\xf0\x9f\xa4\xac https://t.co/qPLJ8hzQKH',b'iamcoolindian',"['BenStokes', 'ShutDownJNU', 'JNU', 'Shame']",87
2020-04-05 03:37:32,b'RT @jkd18: @TheAhmedShariff This. This is the crap my taxes are subsizing #BenStokes #ShutDownJNU #JNU #Shame \xf0\x9f\xa4\xac\xf0\x9f\xa4\xac\xf0\x9f\xa4\xac\xf0\x9f\xa4\xac https://t.co/qPLJ8hzQKH',b'YoloYadav',"['BenStokes', 'ShutDownJNU', 'JNU', 'Shame']",90
2020-04-04 20:47:13,b'England players agree for paycut as COVID-19 pandemic\n\n#englandcricket #cricket #icc #england #joeroot\xe2\x80\xa6 https://t.co/SytESR79Vb',b'mycricketae',"['englandcricket', 'cricket', 'icc', 'england', 'joeroot']",107
2020-04-04 19:26:52,"b'\xf0\x9f\x8f\x8f\n\nEngland cricketer Ben Stokes signs up to race in virtual F1 grand prix \xf0\x9f\x8e\xae\xf0\x9f\x8f\x81\n\nStokes will take on 5 F1 drivers, inc\xe2\x80\xa6 https://t.co/F9Nfk0FoZT'",b'TheCricketWire',[],132
2020-04-04 09:41:57,b'When life hits you!\n\nHit back hard as you can.. You will get where you want to be\xe2\x9d\xa4\xef\xb8\x8f\n#Fighter\n#True Champ\n#benstokes https://t.co/QmO8U9d8r6',b'AhtashamLiaqat4',"['Fighter', 'True', 'benstokes']",7
2020-04-04 09:05:24,"b'@Cricketracker Virat hits it n wants 3rd run, Babar comes to middle of the pitch n then turns back, so Virat is run\xe2\x80\xa6 https://t.co/m8t5KM8tOr'",b'ravirp',[],1741
2020-04-04 06:42:00,b'@akm1410 Jao na phir #TabligiJamaat ke saath Paxstan mey.. Toothiyas n #BenStokes crib for everything..',b'drmcshekhar',"['TabligiJamaat', 'BenStokes']",810
2020-04-04 06:16:52,b'RT @AdeebAsad: The whole of 2019 was his moment. He reached his peak last year and immortalised himself in cricketing history.\n\nFrom Eden G\xe2\x80\xa6',b'_iamnazrul',[],128
2020-04-04 05:59:16,b'@Devilsmummy @starrytalks True.. People just crib for the sake of Cribbing.. #BenStokes \xf0\x9f\x98\x80\xf0\x9f\x98\x80',b'drmcshekhar',['BenStokes'],810
2020-04-04 05:00:14,b'Poll 16\n\nCricket - Best Pakistani batsman of all time?\n\n#Quarantine #Cricket #ViratKohli #Archer #Bumrah\xe2\x80\xa6 https://t.co/LxucuhRYl1',b'Random_Tweets55',"['Quarantine', 'Cricket', 'ViratKohli', 'Archer', 'Bumrah']",8
2020-04-04 04:46:45,b'Poll 14\n\nCricket - Who among the below never got a fair chance at the international level?\n\n#Coronafighters\xe2\x80\xa6 https://t.co/4Mmbxb2wKE',b'Random_Tweets55',['Coronafighters'],8
2020-04-03 15:31:49,b'Happy #BenStokes day\n@benstokes38  @TridentSportsX \n@T20WorldCup  #t20worldcupfinal #ENGvWI2016final',b'aashirsolangi',"['BenStokes', 't20worldcupfinal', 'ENGvWI2016final']",76
2020-04-03 13:45:40,b'Recent best cricket commentary?\n\nA)https://t.co/StFRgR3uUS\n\nB)https://t.co/BAEYAbsF5S\n\nC)https://t.co/TgKnaOZxUn\xe2\x80\xa6 https://t.co/FzE6398t6e',b'Nofe_Ahemo',[],103
2020-04-03 13:11:44,"b""You've made your road too bud! Forever! #BenStokes \xf0\x9f\x94\xa5 @benstokes38 https://t.co/gijpxat4IG https://t.co/P6iHJR0Poc""",b'Devanayagam',['BenStokes'],927
2020-04-03 12:43:40,b'@benstokes38 Underrated tweet #BenStokes',b'Va_Vai_Va',['BenStokes'],490
2020-04-03 12:23:06,b'RT @chaseyoursport: \xf0\x9f\x9a\xa8\xf0\x9f\x9a\xa8 #BreakingNews : @benstokes38 will be taking on @F1 racers in the 2nd virtual #GrandPrix this weekend!\n\n\xf0\x9f\x93\xb8 Fox Sports\xe2\x80\xa6',b'Breaking24_7',"['BreakingNews', 'GrandPrix']",1147
2020-04-03 12:21:20,b'\xf0\x9f\x9a\xa8\xf0\x9f\x9a\xa8 #BreakingNews : @benstokes38 will be taking on @F1 racers in the 2nd virtual #GrandPrix this weekend!\n\n\xf0\x9f\x93\xb8 Fox Spo\xe2\x80\xa6 https://t.co/WGQMnyRoHh',b'chaseyoursport',"['BreakingNews', 'GrandPrix']",122
2020-04-03 10:28:43,"b'RT @republic: Carlos Brathwaite wins T20 World Cup final for West Indies on Apr 3, 2016; watch video #BenStokes #Brathwaite #T20WorldCup #C\xe2\x80\xa6'",b'mohitsmartlove',"['BenStokes', 'Brathwaite', 'T20WorldCup']",1041
2020-04-03 10:18:00,"b'RT @republic: Carlos Brathwaite wins T20 World Cup final for West Indies on Apr 3, 2016; watch video #BenStokes #Brathwaite #T20WorldCup #C\xe2\x80\xa6'",b'Krishna_Kannur1',"['BenStokes', 'Brathwaite', 'T20WorldCup']",157
2020-04-03 10:01:02,"b'Carlos Brathwaite wins T20 World Cup final for West Indies on Apr 3, 2016; watch video #BenStokes #Brathwaite\xe2\x80\xa6 https://t.co/om8vXPQ0M4'",b'republic',"['BenStokes', 'Brathwaite']",919590
2020-04-03 09:29:01,b'RT @AdeebAsad: The whole of 2019 was his moment. He reached his peak last year and immortalised himself in cricketing history.\n\nFrom Eden G\xe2\x80\xa6',b'amit700029',[],146
2020-04-03 08:55:50,b'RT @AdeebAsad: The whole of 2019 was his moment. He reached his peak last year and immortalised himself in cricketing history.\n\nFrom Eden G\xe2\x80\xa6',b'Pdurgesh79',[],238
2020-04-03 08:35:55,b'RT @AdeebAsad: The whole of 2019 was his moment. He reached his peak last year and immortalised himself in cricketing history.\n\nFrom Eden G\xe2\x80\xa6',b'b333vignesh',[],137
2020-04-03 07:20:56,b'RT @AdeebAsad: The whole of 2019 was his moment. He reached his peak last year and immortalised himself in cricketing history.\n\nFrom Eden G\xe2\x80\xa6',b'philipose_sam',[],274
2020-04-03 07:19:22,b'RT @AdeebAsad: The whole of 2019 was his moment. He reached his peak last year and immortalised himself in cricketing history.\n\nFrom Eden G\xe2\x80\xa6',b'imsambravo',[],44
2020-04-03 07:08:17,b'RT @AdeebAsad: The whole of 2019 was his moment. He reached his peak last year and immortalised himself in cricketing history.\n\nFrom Eden G\xe2\x80\xa6',b'RTRajaa',[],288
2020-04-03 07:05:47,b'RT @AdeebAsad: The whole of 2019 was his moment. He reached his peak last year and immortalised himself in cricketing history.\n\nFrom Eden G\xe2\x80\xa6',b'Azzy_vy_45',[],657
2020-04-03 07:04:29,b'RT @AdeebAsad: The whole of 2019 was his moment. He reached his peak last year and immortalised himself in cricketing history.\n\nFrom Eden G\xe2\x80\xa6',b'RizwanH40818952',[],296
2020-04-03 07:03:32,b'RT @AdeebAsad: The whole of 2019 was his moment. He reached his peak last year and immortalised himself in cricketing history.\n\nFrom Eden G\xe2\x80\xa6',b'Cricketracker',[],131365
2020-04-03 06:38:54,b'4 years ago #OnThisDay (03/04/2016) #CarlosBrathwaite secured West Indies their second World T20 title by 4 wickets\xe2\x80\xa6 https://t.co/rkcbS9KggZ',b'RaunakVerma18',"['OnThisDay', 'CarlosBrathwaite']",165
2020-04-03 06:28:49,b'The whole of 2019 was his moment. He reached his peak last year and immortalised himself in cricketing history.\n\nFr\xe2\x80\xa6 https://t.co/qSdOnaJLax',b'AdeebAsad',[],59
2020-04-03 05:50:07,b'@RanjanGogoeCJI Parody Account. #BenStokes',b'drmcshekhar',['BenStokes'],810
2020-04-03 05:25:42,b'@_ugra_ Kick them where it hurts...with shoes n  boots.. especially  aiming at their half d**ks.. #TablighiVirus..\xe2\x80\xa6 https://t.co/WOXXZK5nOU',b'drmcshekhar',['TablighiVirus'],810
2020-04-03 03:54:24,b'Poll 12\n\nCricket - Which spin twins do you prefer?\n\n#Coronafighters #Quarantine #QuaratineLife #Cricket\xe2\x80\xa6 https://t.co/NUePjuigYV',b'Random_Tweets55',"['Coronafighters', 'Quarantine', 'QuaratineLife', 'Cricket']",8
2020-04-02 23:31:56,"b""RT @jkd18: Just recieved this on WA. I think it's from Mumbai &amp; definitely from Maharshtra. This couple kept going out, neighbours got tire\xe2\x80\xa6""",b'helloravipra',[],32
2020-04-02 19:42:41,b'#F1 #Cricket #F1Esports @englandcricket ace all-rounder @benstokes38 is signed by @redbullracing for a #VirtualGP a\xe2\x80\xa6 https://t.co/0nXyuofpvk',b'cricket_country',"['F1', 'Cricket', 'F1Esports', 'VirtualGP']",38741
2020-04-02 16:58:17,"b""RT @jkd18: Just recieved this on WA. I think it's from Mumbai &amp; definitely from Maharshtra. This couple kept going out, neighbours got tire\xe2\x80\xa6""",b'Wajdu5',[],7
2020-04-02 16:30:06,b'England cricketer Ben Stokes signs up to race in virtual F1 grand prix    #BenStokes #FormulaOne https://t.co/oyMKOJr4AH',b'my_iplclub',"['BenStokes', 'FormulaOne']",169
2020-04-02 16:21:39,b'Poll 10\n\nCricket - Who played a bigger role in 2011 WC final?\n\n#Coronafighters #Quarantine #QuarantineOnlineParty\xe2\x80\xa6 https://t.co/I9MICOSZF3',b'Random_Tweets55',"['Coronafighters', 'Quarantine', 'QuarantineOnlineParty']",8
2020-04-02 16:12:16,"b""RT @jkd18: Just recieved this on WA. I think it's from Mumbai &amp; definitely from Maharshtra. This couple kept going out, neighbours got tire\xe2\x80\xa6""",b'soumya_shayna',[],480
2020-04-02 16:10:33,"b""RT @jkd18: Just recieved this on WA. I think it's from Mumbai &amp; definitely from Maharshtra. This couple kept going out, neighbours got tire\xe2\x80\xa6""",b'BhaktSayss',[],14
2020-04-02 16:09:40,"b""RT @jkd18: Just recieved this on WA. I think it's from Mumbai &amp; definitely from Maharshtra. This couple kept going out, neighbours got tire\xe2\x80\xa6""",b'Tejaa_vu',[],642
2020-04-02 15:52:13,"b""RT @jkd18: Just recieved this on WA. I think it's from Mumbai &amp; definitely from Maharshtra. This couple kept going out, neighbours got tire\xe2\x80\xa6""",b'catch_rahul',[],387
2020-04-02 15:10:30,b'Ben Stokes to Race Against 5 F1 Drivers in Virtual Grand Prix\nhttps://t.co/AalGBTyufC\n#BenStokes #GrandPrix #race @benstokes38',b'latestly',"['BenStokes', 'GrandPrix', 'race']",57694
2020-04-02 14:16:27,b'The English all rounder is about to try his mastery in Formula 1!\n\n#BenStokes #Formula1 #F1 #Cricket\nhttps://t.co/EDIm3CJZRA',b'SportsIndiaShow',"['BenStokes', 'Formula1', 'F1', 'Cricket']",1533
2020-04-02 13:34:39,"b""RT @jkd18: Just recieved this on WA. I think it's from Mumbai &amp; definitely from Maharshtra. This couple kept going out, neighbours got tire\xe2\x80\xa6""",b'SirCrow5',[],5
2020-04-02 13:31:24,"b""RT @jkd18: Just recieved this on WA. I think it's from Mumbai &amp; definitely from Maharshtra. This couple kept going out, neighbours got tire\xe2\x80\xa6""",b'ArunimSinha',[],42
2020-04-02 13:04:49,"b""RT @jkd18: Just recieved this on WA. I think it's from Mumbai &amp; definitely from Maharshtra. This couple kept going out, neighbours got tire\xe2\x80\xa6""",b'tum_and_hum',[],636
2020-04-02 12:32:58,"b""RT @jkd18: Just recieved this on WA. I think it's from Mumbai &amp; definitely from Maharshtra. This couple kept going out, neighbours got tire\xe2\x80\xa6""",b'Rohkyv',[],505
2020-04-02 12:17:31,"b""RT @jkd18: Just recieved this on WA. I think it's from Mumbai &amp; definitely from Maharshtra. This couple kept going out, neighbours got tire\xe2\x80\xa6""",b'Derek92850680',[],108
2020-04-02 11:53:40,"b""RT @jkd18: Just recieved this on WA. I think it's from Mumbai &amp; definitely from Maharshtra. This couple kept going out, neighbours got tire\xe2\x80\xa6""",b'abhay_s_tanwar',[],94
2020-04-02 11:51:41,"b""RT @jkd18: Just recieved this on WA. I think it's from Mumbai &amp; definitely from Maharshtra. This couple kept going out, neighbours got tire\xe2\x80\xa6""",b'sudeepmishram',[],1212
2020-04-02 11:48:26,"b""RT @jkd18: Just recieved this on WA. I think it's from Mumbai &amp; definitely from Maharshtra. This couple kept going out, neighbours got tire\xe2\x80\xa6""",b'rnlathi',[],521
2020-04-02 11:33:08,"b""RT @jkd18: Just recieved this on WA. I think it's from Mumbai &amp; definitely from Maharshtra. This couple kept going out, neighbours got tire\xe2\x80\xa6""",b'vikee',[],240
2020-04-02 11:28:40,"b'England cricketer #BenStokes will test his driving skills against five #Formula1 drivers, including Ferrari\xe2\x80\x99s Charl\xe2\x80\xa6 https://t.co/f32yBDY0KC'",b'FirstpostSports',"['BenStokes', 'Formula1']",441027
2020-04-02 11:27:10,"b""RT @jkd18: Just recieved this on WA. I think it's from Mumbai &amp; definitely from Maharshtra. This couple kept going out, neighbours got tire\xe2\x80\xa6""",b'driftwood03',[],133
2020-04-02 11:26:29,"b""RT @jkd18: Just recieved this on WA. I think it's from Mumbai &amp; definitely from Maharshtra. This couple kept going out, neighbours got tire\xe2\x80\xa6""",b'SuryaveluguWeb',[],181
2020-04-02 11:23:36,"b""RT @jkd18: Just recieved this on WA. I think it's from Mumbai &amp; definitely from Maharshtra. This couple kept going out, neighbours got tire\xe2\x80\xa6""",b'Shilpbasude1',[],402
2020-04-02 11:17:55,"b""RT @jkd18: Just recieved this on WA. I think it's from Mumbai &amp; definitely from Maharshtra. This couple kept going out, neighbours got tire\xe2\x80\xa6""",b'VarunKumarRana7',[],6075
2020-04-02 10:44:49,"b""RT @jkd18: Just recieved this on WA. I think it's from Mumbai &amp; definitely from Maharshtra. This couple kept going out, neighbours got tire\xe2\x80\xa6""",b'NeonBendyToe',[],237
2020-04-02 10:43:45,"b""RT @jkd18: Just recieved this on WA. I think it's from Mumbai &amp; definitely from Maharshtra. This couple kept going out, neighbours got tire\xe2\x80\xa6""",b'PratapIndian1',[],323
2020-04-02 10:43:40,"b""RT @jkd18: Just recieved this on WA. I think it's from Mumbai &amp; definitely from Maharshtra. This couple kept going out, neighbours got tire\xe2\x80\xa6""",b'fallenangel_dk',[],85
2020-04-02 10:42:35,"b""RT @jkd18: Just recieved this on WA. I think it's from Mumbai &amp; definitely from Maharshtra. This couple kept going out, neighbours got tire\xe2\x80\xa6""",b'ishitadas14',[],582
2020-04-02 10:41:35,"b""Just recieved this on WA. I think it's from Mumbai &amp; definitely from Maharshtra. This couple kept going out, neighb\xe2\x80\xa6 https://t.co/jq26oN6Izn""",b'jkd18',[],10074
2020-04-02 10:09:16,"b'@mandar2404 Thanks to the #NizamuddinTerrorists ! Seriously criminal! And, the way they are behaving after that wit\xe2\x80\xa6 https://t.co/Pcok5R52ro'",b'jkd18',['NizamuddinTerrorists'],10074
2020-04-02 00:12:03,"b""RT @republic: Justin Langer's request to edit out Headingley part of 'The Test' was denied: Report #JustinLanger #TheTest #BenStokes #Austr\xe2\x80\xa6""",b'VideshSingh7',"['JustinLanger', 'TheTest', 'BenStokes']",17
2020-04-01 18:21:47,b'RT @Cricketracker: Come up with creative names. #cricket #benstokes https://t.co/kGGQZ7NihF',b'cricketloovers',"['cricket', 'benstokes']",227
2020-04-01 18:05:40,b'RT @Cricketracker: Come up with creative names. #cricket #benstokes https://t.co/kGGQZ7NihF',b'AVINASH49465394',"['cricket', 'benstokes']",532
2020-04-01 16:25:48,b'Happy Birthday \xf0\x9f\xa5\xb3 #RoadRunner jofraarcher \n\xe2\x80\xa2\n\xe2\x80\xa2\n@benstokes38 \xe2\x9d\xa4 #BenStokes #SirBenStokes #MyLove #MyHero #Champion eng\xe2\x80\xa6 https://t.co/GaImx6sSr0',b'TheStokesWorld',"['RoadRunner', 'BenStokes', 'SirBenStokes', 'MyLove', 'MyHero', 'Champion']",17
2020-04-01 13:41:59,b'RT @republic: Ben Stokes amuses Twitterati by arguing with British reporter over false pay cuts article #BenStokes #Cricketnews #Coronaviru\xe2\x80\xa6',b'mithu796311',"['BenStokes', 'Cricketnews']",4309
2020-04-01 13:14:30,b'Ben Stokes Hits Back at Reports Claiming England Cricketers Refused Pay Cuts Amid Pandemic Crisis\n#BenStokes\xe2\x80\xa6 https://t.co/S4LrNppzc5',b'latestly',['BenStokes'],57694
2020-04-01 13:05:12,"b""Signed Framed Ben Stokes Cricket Photo 'The Ashes' https://t.co/LBxxwRUFyG #BenStokes #Cricket #TheAshes #SPOTY\xe2\x80\xa6 https://t.co/WXmdjiQbiH""",b'ItsSigned',"['BenStokes', 'Cricket', 'TheAshes', 'SPOTY']",369
2020-04-01 12:55:28,b'Ben Stokes amuses Twitterati by arguing with British reporter over false pay cuts article #BenStokes #Cricketnews\xe2\x80\xa6 https://t.co/DlR0TKx2H9',b'republic',"['BenStokes', 'Cricketnews']",919590
2020-04-01 12:51:21,b'@jkd18 Crazy #BenStokes',b'drmcshekhar',['BenStokes'],810
2020-04-01 12:46:06,"b'With the end of lockdown still, some days away, what one needs is a partner to keep oneself entertained and busy. W\xe2\x80\xa6 https://t.co/v4z71QvBSi'",b'SK__Cricket',[],7968
2020-04-01 12:45:52,"b'With the end of lockdown still, some days away, what one needs is a partner to keep oneself entertained and busy. W\xe2\x80\xa6 https://t.co/ackKAk9Tq0'",b'Sportskeeda',[],93656
2020-04-01 12:00:24,b'Ben Stokes slams eBay on Twitter for selling replica of 2019 World Cup shirt #WorldCup2019 #BenStokes\xe2\x80\xa6 https://t.co/0zwu7zgtEp',b'republic',"['WorldCup2019', 'BenStokes']",919590
2020-04-01 11:00:53,b'Could you answer this one @ChrisRush22 \n\nIn May 2010 @benstokes38 scored his maiden first class century for\xe2\x80\xa6 https://t.co/wbTExcVRse',b'BillRoddham',[],401
2020-04-01 10:22:24,b'RT @Cricketracker: Come up with creative names. #cricket #benstokes https://t.co/kGGQZ7NihF',b'NewGenral12',"['cricket', 'benstokes']",71
2020-04-01 10:17:13,b'RT @Cricketracker: Come up with creative names. #cricket #benstokes https://t.co/kGGQZ7NihF',b'iemhearty',"['cricket', 'benstokes']",269
2020-04-01 10:12:35,b'RT @Cricketracker: Come up with creative names. #cricket #benstokes https://t.co/kGGQZ7NihF',b'watson_addict',"['cricket', 'benstokes']",457
2020-04-01 10:08:57,b'RT @Cricketracker: Come up with creative names. #cricket #benstokes https://t.co/kGGQZ7NihF',b'Mukilan_Tamil_',"['cricket', 'benstokes']",121
2020-04-01 10:07:27,b'RT @Cricketracker: Come up with creative names. #cricket #benstokes https://t.co/kGGQZ7NihF',b'WasimAk8083',"['cricket', 'benstokes']",119
2020-04-01 10:06:12,b'Come up with creative names. #cricket #benstokes https://t.co/kGGQZ7NihF',b'Cricketracker',"['cricket', 'benstokes']",131365
