Timestamp,Tweet,username,hashtags,followers_count
2020-04-08 21:33:04,b'RT @durfiteymun: Amirrrrr\xe2\x80\x99s first ball beauty \xf0\x9f\x98\x8d\xf0\x9f\x98\x8d #PAKvNZ #NZvPAK #CWC19 https://t.co/rQmIa6bPcn',b'SabukAfridi',"['PAKvNZ', 'NZvPAK', 'CWC19']",1832
2020-04-08 19:47:26,b'We are going to treat this Sunday like #CWC19 Final day all over again. Going to watch every ball on @SkyCricket.\xe2\x80\xa6 https://t.co/beVbaOZuvP',b'SkidRowOnSea',['CWC19'],492
2020-04-08 18:34:53,"b'RT @cricketworldcup: Happy birthday, @iShaheenAfridi \n\nDo you remember his \xf0\x9f\x94\xa5 spell against Bangladesh from #CWC19? https://t.co/StWpLIExoq'",b'MBashir48666504',['CWC19'],43
2020-04-08 16:58:20,"b""RT @ESPNcricinfo: In an extract from the @WisdenAlmanack, England's World Cup XI look back at the thrilling finish of the #CWC19 final at L\xe2\x80\xa6""",b'CricketFanatik',['CWC19'],79
2020-04-08 16:49:57,b'RT @cricketworldcup: Who here can relate to Brendon McCullum? \xf0\x9f\x92\x94 \n\n#CWC19\n\nhttps://t.co/GMACLrxLT8',b'affaq_here',['CWC19'],2
2020-04-08 16:38:23,b'RT @ViratKohliFC: [MORE PICS]: Captain @imVkohli interacts with captains of all the other participating teams in the World Cup! #CWC19 http\xe2\x80\xa6',b'_sajith07',['CWC19'],0
2020-04-08 16:38:21,b'RT @ViratKohliFC: [PICS]: Captain @imVkohli interacts with captains of all the other participating teams in the World Cup! #CWC19 https://t\xe2\x80\xa6',b'_sajith07',['CWC19'],0
2020-04-08 16:36:53,b'RT @imVkohli: Next stop London. \xf0\x9f\x9a\x8c \xe2\x9c\x8c\xf0\x9f\x8f\xbc #travelday #CWC19 https://t.co/lW0n3i30es',b'_sajith07',"['travelday', 'CWC19']",0
2020-04-08 16:36:10,"b'RT @BCCI: ""We were motivated to win the game against Australia"" - @imVkohli #TeamIndia #INDvAUS #CWC19 \xf0\x9f\x87\xae\xf0\x9f\x87\xb3\xf0\x9f\x87\xae\xf0\x9f\x87\xb3 https://t.co/EYMPwjd1Xf'",b'_sajith07',"['TeamIndia', 'INDvAUS', 'CWC19']",0
2020-04-08 16:24:27,"b""RT @ESPNcricinfo: In an extract from the @WisdenAlmanack, England's World Cup XI look back at the thrilling finish of the #CWC19 final at L\xe2\x80\xa6""",b'ayaz_khan007',['CWC19'],2898
2020-04-08 16:20:55,"b""Morgan's biggest panic moment : When Boult started bowling yorkers from the Nursery End, I thought that, if a wicke\xe2\x80\xa6 https://t.co/7QaP4gQWfd""",b'TheYorkerBall',[],1911
2020-04-08 16:01:28,b'RT @englandcricket: WORLD. CUP. SEMI. FINAL. \xf0\x9f\xa6\x81\xf0\x9f\xa6\x81\xf0\x9f\xa6\x81\n\n\xf0\x9f\x86\x9a Australia\n\xe2\x8f\xb0 10.30am (UK)\n\xf0\x9f\x93\x8d Edgbaston\n#\xef\xb8\x8f\xe2\x83\xa3 ENGvAUS\n\xf0\x9f\x93\xb2 https://t.co/kKx7QxXFUJ\n\nPredictions\xe2\x80\xa6',b'NishaPuri2019',[],42
2020-04-08 16:01:14,b'RT @englandcricket: An incredible journey.\n\nThis is what it means.\n\n#ExpressYourself #WeAreEngland #CWC19 https://t.co/0AlrPfmDdX',b'NishaPuri2019',"['ExpressYourself', 'WeAreEngland', 'CWC19']",42
2020-04-08 16:01:11,b'RT @HKane: Yesssssss brilliant! Well done @englandcricket #CWC19 #WeAreEngland',b'NishaPuri2019',"['CWC19', 'WeAreEngland']",42
2020-04-08 15:55:11,"b""RT @urstrulyMahesh: Still hungover from last night's match... Most exciting finals ever\xf0\x9f\x91\x8f\xf0\x9f\x91\x8f\xf0\x9f\x91\x8f\nGreat cricket!!! England might have won the game\xe2\x80\xa6""",b'AkhilprabhuS',[],1
2020-04-08 15:55:00,"b""RT @urstrulyMahesh: Still hungover from last night's match... Most exciting finals ever\xf0\x9f\x91\x8f\xf0\x9f\x91\x8f\xf0\x9f\x91\x8f\nGreat cricket!!! England might have won the game\xe2\x80\xa6""",b'MaheshC39082245',[],113
2020-04-08 15:03:05,"b""RT @ESPNcricinfo: In an extract from the @WisdenAlmanack, England's World Cup XI look back at the thrilling finish of the #CWC19 final at L\xe2\x80\xa6""",b'HariHar04210565',['CWC19'],22
2020-04-08 14:48:57,b'RT @ESPNcricinfo: At #CWC19 he became the youngest player to take a five-for in World Cup history \xf0\x9f\x92\xaa\n\nHappy 20th birthday to Pakistan pace s\xe2\x80\xa6',b'EnaIthu',['CWC19'],69
2020-04-08 14:08:32,"b""RT @ESPNcricinfo: In an extract from the @WisdenAlmanack, England's World Cup XI look back at the thrilling finish of the #CWC19 final at L\xe2\x80\xa6""",b'vinayka59670035',['CWC19'],1630
2020-04-08 14:00:25,"b""RT @ESPNcricinfo: In an extract from the @WisdenAlmanack, England's World Cup XI look back at the thrilling finish of the #CWC19 final at L\xe2\x80\xa6""",b'RizwanH40818952',['CWC19'],293
2020-04-08 14:00:00,"b""In an extract from the @WisdenAlmanack, England's World Cup XI look back at the thrilling finish of the #CWC19 fina\xe2\x80\xa6 https://t.co/YrJ6wJWFXx""",b'ESPNcricinfo',['CWC19'],5882205
2020-04-08 13:48:22,"b'RT @cricketworldcup: Happy birthday, @iShaheenAfridi \n\nDo you remember his \xf0\x9f\x94\xa5 spell against Bangladesh from #CWC19? https://t.co/StWpLIExoq'",b'Hamzaja58065729',['CWC19'],164
2020-04-08 13:15:51,"b'RT @ICC: ""BY THE BAREST OF MARGINS!""\n\nYou can feel the tension of the #CWC19 final in the commentary box! \n\nHow brilliant was this call \xf0\x9f\x8e\x99\xef\xb8\x8f\xe2\x80\xa6'",b'Bobmarley_1982',['CWC19'],14
2020-04-08 12:19:49,b'Wisden Cricketer Of the Year 2019 \xf0\x9f\x94\xa5\xe2\x9d\xa4\xef\xb8\x8f\nMiraculous Knock of Headingley \xf0\x9f\x98\x8d and what a #CWC19 performance\xf0\x9f\x94\xa5.... easily it\xe2\x80\xa6 https://t.co/Eelui6ABbc',b'BharathPandhiri',['CWC19'],231
2020-04-08 11:30:17,"b'RT @cricketworldcup: Happy birthday, @iShaheenAfridi \n\nDo you remember his \xf0\x9f\x94\xa5 spell against Bangladesh from #CWC19? https://t.co/StWpLIExoq'",b'Msami14361503',['CWC19'],23
2020-04-08 09:24:53,b'My unforgettable moment of #CWC19  @Martyguptill \xe2\x99\xa5\xef\xb8\x8f\n@ICC\n#MemoriesOS https://t.co/KW6yuK6Wep',b'awaisshah007',"['CWC19', 'MemoriesOS']",1366
2020-04-08 08:26:10,b'RT @fantasyfather2: Back to back its lit \nFrom last 3 matches \nWe topped\nKeep supporting guys... \nGsw vs tor\n#nbafinals\n#dream11\n#dream11ti\xe2\x80\xa6',b'Fantasy24302318',"['nbafinals', 'dream11']",49
2020-04-08 08:25:48,"b""RT @Vitu_E: Bidding on Jos Buttler's #CWC19 shirt closes in less than 9 hours if any high rollers fancy a flutter. All for a good cause: ht\xe2\x80\xa6""",b'SyedSho81373777',['CWC19'],27
2020-04-08 08:21:40,b'RT @BridgnorthCC: We loved watching @ECB_cricket win the #CWC19 and @benstokes38 heroics last summer...\n\nWhat were your sporting highlights\xe2\x80\xa6',b'CricketShrops',['CWC19'],3104
2020-04-08 07:56:27,b'RT @simonjjn: Thank you #MalMaison Newcastle for a wonderful stay during the ICC Cricket World Cup in Durham. #CWC19 #RoomWithAView https:/\xe2\x80\xa6',b'reiger72349449',"['MalMaison', 'CWC19', 'RoomWithAView']",53
2020-04-08 07:37:31,"b'RT @cricketworldcup: Happy birthday, @iShaheenAfridi \n\nDo you remember his \xf0\x9f\x94\xa5 spell against Bangladesh from #CWC19? https://t.co/StWpLIExoq'",b'MoheebRajpoot',['CWC19'],0
2020-04-08 07:23:39,b'We loved watching @ECB_cricket win the #CWC19 and @benstokes38 heroics last summer...\n\nWhat were your sporting high\xe2\x80\xa6 https://t.co/FipSiDiUdl',b'BridgnorthCC',['CWC19'],3397
2020-04-08 07:01:30,b'RT @Adi69811054: @MehtaAatman @saarthhak @ckd_showstopper @AdiiiTea @msdhoni @DineshKarthik @SGanguly99 @YUVSTRONG12 @GautamGambhir @sachin\xe2\x80\xa6',b'ByBaksi',[],43
2020-04-08 07:01:25,b'RT @Adi69811054: @MehtaAatman @saarthhak @ckd_showstopper @AdiiiTea @msdhoni @DineshKarthik @SGanguly99 @YUVSTRONG12 @GautamGambhir Between\xe2\x80\xa6',b'ByBaksi',[],43
2020-04-08 06:51:46,"b""RT @fixingyuktcrik: @BOONMITRA @BCCI doesn't have the balls to sack me as I have eaten all the balls in #CWC19 \nI look forward to eat balls\xe2\x80\xa6""",b'ByBaksi',['CWC19'],43
2020-04-08 06:39:05,b'@ICC #CWC19 Semi Final was an amazing experience. https://t.co/T433uaDedG',b'JLongshanks7',['CWC19'],509
2020-04-08 06:00:43,b'RT @TheTruth1925: @Mahesh4JaiHind @HinduNation1st @myavi1 @diwakarjishukla @Rupalikale18 @Amir_Ku_Saxsena @Kumarpalrawat2 @Sharava98846197\xe2\x80\xa6',b'HinduNation1st',[],227
2020-04-08 05:56:04,"b'@ICC #CWC19 ENG vs NZL,15-07-19 CWC Finals at @HomeOfCricket, London\nUnforgettable,unbelievable &amp; unluckiest. \nReal\xe2\x80\xa6 https://t.co/fR3wasQrbH'",b'jaiswalash',['CWC19'],214
2020-04-08 05:54:51,b'RT @Mahesh4JaiHind: @AslamLajana @zedman99 @burhan75752204 #TheTruth1925 My friends r saying-#AllahMiyan has entered #Pakistan into #CWC19\xe2\x80\xa6',b'HinduNation1st',"['TheTruth1925', 'AllahMiyan', 'Pakistan', 'CWC19']",227
2020-04-08 05:54:09,b'RT @officialWaqas23: I believed that you would cross the line and will add one more victory with the name #CarlosBrathwaite but unfortunate\xe2\x80\xa6',b'zainabawan06',['CarlosBrathwaite'],1069
2020-04-08 05:21:10,b'RT @BCCI: Vice-captain @ImRo45 lightened up the post-match press conference when asked about Rishabh Pant \xf0\x9f\x98\x81\xf0\x9f\x98\x81 #TeamIndia #ENGvIND #CWC19 htt\xe2\x80\xa6',b'Lokesh07650387',"['TeamIndia', 'ENGvIND', 'CWC19']",1
2020-04-08 04:55:50,b'@ICC Ind vs new zealand \n#semi_final\n#CWC19',b'Ravi80373221',"['semi_final', 'CWC19']",89
2020-04-08 04:54:15,b'RT @HinduNation1st: #TheTruth1925 My friends r saying-#AllahMiyan has entered #Pakistan into #CWC19 Final &amp; it is sure #Pak will win it.\nIs\xe2\x80\xa6',b'HinduNation1st',"['TheTruth1925', 'AllahMiyan', 'Pakistan', 'CWC19', 'Pak']",227
2020-04-08 02:53:49,b'RT @cricketworldcup: Who here can relate to Brendon McCullum? \xf0\x9f\x92\x94 \n\n#CWC19\n\nhttps://t.co/GMACLrxLT8',b'___FAIZ____',['CWC19'],184
2020-04-07 21:43:02,b'@ICC It was the most saddest part of Bangladesh\xe2\x80\x99s #CWC19 journey.',b'adnan_julaw',['CWC19'],44
2020-04-07 21:01:45,b'Leicester City\n#CWC19 \nAguerooooo (sigh) https://t.co/Q724Fy9xun',b'the_krishnadev',['CWC19'],196
2020-04-07 19:17:58,b'RT @Toofaanexpress: The story of #PAK batting\n\n#CWC19 #PAKvWI #WIvPak https://t.co/pl0XQ21aj7',b'Toofaanexpress',"['PAK', 'CWC19', 'PAKvWI', 'WIvPak']",762
2020-04-07 16:57:34,"b""RT @_cricingif: The youngest bowler to take five or more wickets at the World Cup stage \xf0\x9f\x98\x8d\n\nIs Shaheen Afridi Pakistan's only format-proof b\xe2\x80\xa6""",b'__Mordor__',[],230
2020-04-07 16:31:29,"b'@ICC One mistake, @BCBtigers suffered through out the #CWC19'",b'cricairns',['CWC19'],417
2020-04-07 16:19:36,"b'RT @cricketworldcup: Happy birthday, @iShaheenAfridi \n\nDo you remember his \xf0\x9f\x94\xa5 spell against Bangladesh from #CWC19? https://t.co/StWpLIExoq'",b'getgullycricket',['CWC19'],89
2020-04-07 15:55:24,"b""RT @DisneyPlusHS: Now, this is what we all have been waiting for!\nWarner, Finch, Gayle, Russell... It's a beefy line-up on display today. W\xe2\x80\xa6""",b'AjaySah37037262',[],86
2020-04-07 15:53:09,"b""RT @Vitu_E: Bidding on Jos Buttler's #CWC19 shirt closes in less than 9 hours if any high rollers fancy a flutter. All for a good cause: ht\xe2\x80\xa6""",b'Bhanu_Singh367',['CWC19'],5
2020-04-07 15:51:40,"b""RT @cricketworldcup: How amazing is this?!\n\nIndia's top-order superstars @imVkohli and @ImRo45 each shared a special moment with one of the\xe2\x80\xa6""",b'MDRAJA21541407',[],0
2020-04-07 15:47:20,"b""RT @Vitu_E: Bidding on Jos Buttler's #CWC19 shirt closes in less than 9 hours if any high rollers fancy a flutter. All for a good cause: ht\xe2\x80\xa6""",b'SaggiAlien',['CWC19'],60
2020-04-07 15:46:14,"b""RT @Vitu_E: Bidding on Jos Buttler's #CWC19 shirt closes in less than 9 hours if any high rollers fancy a flutter. All for a good cause: ht\xe2\x80\xa6""",b'tomandrewstew',['CWC19'],1360
2020-04-07 15:28:44,b'RT @cricketworldcup: Who here can relate to Brendon McCullum? \xf0\x9f\x92\x94 \n\n#CWC19\n\nhttps://t.co/GMACLrxLT8',b'manimaran76652',['CWC19'],116
2020-04-07 15:23:41,b'Happy birthday @iShaheenAfridi \n Do u remember #hazartullahzazai \xf0\x9f\x98\x82\xf0\x9f\x98\x82\xf0\x9f\x98\x82 #CWC19 https://t.co/KDo1rhN5D3',b'hamidabidy1',"['hazartullahzazai', 'CWC19']",39
2020-04-07 15:22:22,"b'RT @cricketworldcup: Happy birthday, @iShaheenAfridi \n\nDo you remember his \xf0\x9f\x94\xa5 spell against Bangladesh from #CWC19? https://t.co/StWpLIExoq'",b'hamidabidy1',['CWC19'],39
2020-04-07 14:45:20,b'RT @tamannaahspeaks: India India!!!! What a win \xf0\x9f\x92\x83\xf0\x9f\x92\x83\xf0\x9f\x92\x83 #IndvPak #CWC19',b'tamannaafangirl',"['IndvPak', 'CWC19']",20
2020-04-07 14:43:19,"b""RT @Vitu_E: Bidding on Jos Buttler's #CWC19 shirt closes in less than 9 hours if any high rollers fancy a flutter. All for a good cause: ht\xe2\x80\xa6""",b'CricketFanatik',['CWC19'],79
2020-04-07 14:43:12,"b'RT @cricketworldcup: Happy birthday, @iShaheenAfridi \n\nDo you remember his \xf0\x9f\x94\xa5 spell against Bangladesh from #CWC19? https://t.co/StWpLIExoq'",b'Muhamma26019949',['CWC19'],145
2020-04-07 14:43:11,b'#CWC19 image #2 Many followers of cricket will recognise #Tendulker and #India super fan Sudhir Kumar Chaudhary ado\xe2\x80\xa6 https://t.co/hHtpdZ9qa3',b'TTFCricket',"['CWC19', 'Tendulker', 'India']",216
2020-04-07 14:33:14,"b'RT @cricketworldcup: Happy birthday, @iShaheenAfridi \n\nDo you remember his \xf0\x9f\x94\xa5 spell against Bangladesh from #CWC19? https://t.co/StWpLIExoq'",b'BabarAzamFan56',['CWC19'],8
2020-04-07 14:22:08,"b""RT @Vitu_E: Bidding on Jos Buttler's #CWC19 shirt closes in less than 9 hours if any high rollers fancy a flutter. All for a good cause: ht\xe2\x80\xa6""",b'tracyr98',['CWC19'],57
2020-04-07 14:21:53,"b""RT @Vitu_E: Bidding on Jos Buttler's #CWC19 shirt closes in less than 9 hours if any high rollers fancy a flutter. All for a good cause: ht\xe2\x80\xa6""",b'NishaPuri2019',['CWC19'],42
2020-04-07 14:10:24,"b""RT @_cricingif: The youngest bowler to take five or more wickets at the World Cup stage \xf0\x9f\x98\x8d\n\nIs Shaheen Afridi Pakistan's only format-proof b\xe2\x80\xa6""",b'Gazifirdous10',[],26
2020-04-07 14:09:52,"b""RT @Vitu_E: Bidding on Jos Buttler's #CWC19 shirt closes in less than 9 hours if any high rollers fancy a flutter. All for a good cause: ht\xe2\x80\xa6""",b'Rmaxi_32',['CWC19'],3390
2020-04-07 13:42:25,"b""@ICC \xf0\x9f\x8f\x8f\n\nNot Out \xf0\x9f\x9a\xab\n\nThe Bangladesh wicket-keeper disturbed the stumps before receiving the ball. Therefore, it's not\xe2\x80\xa6 https://t.co/2Rg0lRwKcw""",b'TheCricketWire',[],142
2020-04-07 13:24:55,"b""RT @_cricingif: The youngest bowler to take five or more wickets at the World Cup stage \xf0\x9f\x98\x8d\n\nIs Shaheen Afridi Pakistan's only format-proof b\xe2\x80\xa6""",b'AhsanAl36721659',[],8
2020-04-07 13:13:10,"b'RT @cricketworldcup: Happy birthday, @iShaheenAfridi \n\nDo you remember his \xf0\x9f\x94\xa5 spell against Bangladesh from #CWC19? https://t.co/StWpLIExoq'",b'WattaFast',['CWC19'],457
2020-04-07 12:21:22,"b""RT @Vitu_E: Bidding on Jos Buttler's #CWC19 shirt closes in less than 9 hours if any high rollers fancy a flutter. All for a good cause: ht\xe2\x80\xa6""",b'rowleydan',['CWC19'],2084
2020-04-07 12:18:30,"b""RT @Vitu_E: Bidding on Jos Buttler's #CWC19 shirt closes in less than 9 hours if any high rollers fancy a flutter. All for a good cause: ht\xe2\x80\xa6""",b'actuallypoop',['CWC19'],7
2020-04-07 12:17:33,"b""RT @Vitu_E: Bidding on Jos Buttler's #CWC19 shirt closes in less than 9 hours if any high rollers fancy a flutter. All for a good cause: ht\xe2\x80\xa6""",b'AlexMcC97997271',['CWC19'],17
2020-04-07 12:16:39,"b""RT @Vitu_E: Bidding on Jos Buttler's #CWC19 shirt closes in less than 9 hours if any high rollers fancy a flutter. All for a good cause: ht\xe2\x80\xa6""",b'haji_helsing',['CWC19'],208
2020-04-07 12:16:27,"b""RT @Vitu_E: Bidding on Jos Buttler's #CWC19 shirt closes in less than 9 hours if any high rollers fancy a flutter. All for a good cause: ht\xe2\x80\xa6""",b'AftabAh93491782',['CWC19'],4
2020-04-07 12:13:46,"b""RT @Vitu_E: Bidding on Jos Buttler's #CWC19 shirt closes in less than 9 hours if any high rollers fancy a flutter. All for a good cause: ht\xe2\x80\xa6""",b'josbuttler',['CWC19'],561458
2020-04-07 11:07:43,"b'RT @cricketworldcup: Happy birthday, @iShaheenAfridi \n\nDo you remember his \xf0\x9f\x94\xa5 spell against Bangladesh from #CWC19? https://t.co/StWpLIExoq'",b'Scorpion_mani09',['CWC19'],269
2020-04-07 10:53:36,"b""RT @urstrulyMahesh: Still hungover from last night's match... Most exciting finals ever\xf0\x9f\x91\x8f\xf0\x9f\x91\x8f\xf0\x9f\x91\x8f\nGreat cricket!!! England might have won the game\xe2\x80\xa6""",b'BHANUCHINODA143',[],3
2020-04-07 10:52:28,"b""RT @Vitu_E: Bidding on Jos Buttler's #CWC19 shirt closes in less than 9 hours if any high rollers fancy a flutter. All for a good cause: ht\xe2\x80\xa6""",b'hrooto1',['CWC19'],1467
2020-04-07 10:48:40,"b""RT @Vitu_E: Bidding on Jos Buttler's #CWC19 shirt closes in less than 9 hours if any high rollers fancy a flutter. All for a good cause: ht\xe2\x80\xa6""",b'joannevickers',['CWC19'],1374
2020-04-07 10:26:58,"b""RT @urstrulyMahesh: Still hungover from last night's match... Most exciting finals ever\xf0\x9f\x91\x8f\xf0\x9f\x91\x8f\xf0\x9f\x91\x8f\nGreat cricket!!! England might have won the game\xe2\x80\xa6""",b'iYesh1th',[],140
2020-04-07 10:25:06,"b""RT @Vitu_E: Bidding on Jos Buttler's #CWC19 shirt closes in less than 9 hours if any high rollers fancy a flutter. All for a good cause: ht\xe2\x80\xa6""",b'static1812',['CWC19'],380
2020-04-07 10:10:01,"b""RT @Vitu_E: Bidding on Jos Buttler's #CWC19 shirt closes in less than 9 hours if any high rollers fancy a flutter. All for a good cause: ht\xe2\x80\xa6""",b'running4chips',['CWC19'],753
2020-04-07 10:06:21,"b""RT @Vitu_E: Bidding on Jos Buttler's #CWC19 shirt closes in less than 9 hours if any high rollers fancy a flutter. All for a good cause: ht\xe2\x80\xa6""",b'jaymesoscar',['CWC19'],211
2020-04-07 10:03:39,b'RT @ESPNcricinfo: At #CWC19 he became the youngest player to take a five-for in World Cup history \xf0\x9f\x92\xaa\n\nHappy 20th birthday to Pakistan pace s\xe2\x80\xa6',b'ismail11021',['CWC19'],292
2020-04-07 09:56:10,"b""RT @_cricingif: The youngest bowler to take five or more wickets at the World Cup stage \xf0\x9f\x98\x8d\n\nIs Shaheen Afridi Pakistan's only format-proof b\xe2\x80\xa6""",b'Paltanz009',[],646
2020-04-07 09:55:36,"b""RT @Vitu_E: Bidding on Jos Buttler's #CWC19 shirt closes in less than 9 hours if any high rollers fancy a flutter. All for a good cause: ht\xe2\x80\xa6""",b'IndySport',['CWC19'],32262
2020-04-07 09:51:09,"b""RT @Vitu_E: Bidding on Jos Buttler's #CWC19 shirt closes in less than 9 hours if any high rollers fancy a flutter. All for a good cause: ht\xe2\x80\xa6""",b'chedderhelm',['CWC19'],20
2020-04-07 09:47:03,"b""RT @Vitu_E: Bidding on Jos Buttler's #CWC19 shirt closes in less than 9 hours if any high rollers fancy a flutter. All for a good cause: ht\xe2\x80\xa6""",b'SebSB',['CWC19'],19470
2020-04-07 09:45:37,"b""Bidding on Jos Buttler's #CWC19 shirt closes in less than 9 hours if any high rollers fancy a flutter. All for a go\xe2\x80\xa6 https://t.co/I3IITakpir""",b'Vitu_E',['CWC19'],16085
2020-04-07 09:42:06,"b'RT @IndianzCricket: #Dhoni got his much awaited \xf0\x9f\x92\xaf with huge SIX. One of the commentators said ""Common Dhoni give us a smile"". Take a bow\xe2\x80\xa6'",b'tmcheemas',['Dhoni'],1622
2020-04-07 09:21:57,"b""RT @_cricingif: The youngest bowler to take five or more wickets at the World Cup stage \xf0\x9f\x98\x8d\n\nIs Shaheen Afridi Pakistan's only format-proof b\xe2\x80\xa6""",b'MuneebS10132373',[],259
2020-04-07 09:17:15,"b""RT @_cricingif: The youngest bowler to take five or more wickets at the World Cup stage \xf0\x9f\x98\x8d\n\nIs Shaheen Afridi Pakistan's only format-proof b\xe2\x80\xa6""",b'Hamzajamil19',[],1025
2020-04-07 08:57:16,"b""RT @urstrulyMahesh: Still hungover from last night's match... Most exciting finals ever\xf0\x9f\x91\x8f\xf0\x9f\x91\x8f\xf0\x9f\x91\x8f\nGreat cricket!!! England might have won the game\xe2\x80\xa6""",b'akshay_dhfm',[],130
2020-04-07 08:42:51,"b'RT @cricketworldcup: Happy birthday, @iShaheenAfridi \n\nDo you remember his \xf0\x9f\x94\xa5 spell against Bangladesh from #CWC19? https://t.co/StWpLIExoq'",b'rijasid',['CWC19'],149
2020-04-07 07:51:32,b'RT @jp_gadhvi: This World Cup should have been shared. If England got more boundaries. New Zealand took more wickets. So the criteria is ab\xe2\x80\xa6',b'jp_gadhvi',[],14
2020-04-07 07:44:48,b'RT @ICC: \xf0\x9f\xa7\xa2 124 international appearances \n\xe2\x98\x9d\xef\xb8\x8f 201 wickets\n\xf0\x9f\x8f\x86 #CWC19 champion\n\nThe England paceman picked up three key wickets in the 2019 ICC\xe2\x80\xa6',b'charananagani77',['CWC19'],68
2020-04-07 07:44:01,"b""RT @_cricingif: The youngest bowler to take five or more wickets at the World Cup stage \xf0\x9f\x98\x8d\n\nIs Shaheen Afridi Pakistan's only format-proof b\xe2\x80\xa6""",b'ShAbubaker78673',[],52
2020-04-07 07:41:05,b'RT @anick_007: Congratulations BLACKCAPS!!!! \xf0\x9f\x8e\x89\xf0\x9f\x8e\x89\xf0\x9f\x8e\x89\n\nNot giving them mouka to go to final...\n\nBest of luck for the final @blackcaps\n\n#MoukaMou\xe2\x80\xa6',b'pederson_deana',[],20
2020-04-07 07:22:34,"b""RT @urstrulyMahesh: Still hungover from last night's match... Most exciting finals ever\xf0\x9f\x91\x8f\xf0\x9f\x91\x8f\xf0\x9f\x91\x8f\nGreat cricket!!! England might have won the game\xe2\x80\xa6""",b'Chandan_radoo',[],233
