Timestamp,Tweet,username,hashtags,followers_count
2020-04-08 19:16:56,"b""RT @cricbuzz: . @bhogleharsha lists out five significant chapters in @SunRisers \n's IPL journey. What according to you has been the definin\xe2\x80\xa6""",b'Raju1926',[],588
2020-04-08 18:16:01,b'Check out: @davidwarner31 throwback video imitating Ravindra Jadeja\xe2\x80\x99s sword celebration\n  \n#AustralianCricketer\xe2\x80\xa6 https://t.co/YiSWGq9plJ',b'iwmbuzz',['AustralianCricketer'],6332
2020-04-08 16:57:40,"b'#cricket #CricketvsCoronavirus #IPL @davidwarner31 Copies @imjadeja #sword Celebration in #Throwback Video, Asks Fa\xe2\x80\xa6 https://t.co/317JD6h7Qm'",b'indiacom',"['cricket', 'CricketvsCoronavirus', 'IPL', 'sword', 'Throwback']",10513
2020-04-08 16:56:37,"b'#cricket #CricketvsCoronavirus #IPL @davidwarner31 Copies @imjadeja #sword Celebration in #Throwback Video, Asks Fa\xe2\x80\xa6 https://t.co/byuOjtgiza'",b'cricket_country',"['cricket', 'CricketvsCoronavirus', 'IPL', 'sword', 'Throwback']",38738
2020-04-08 15:00:00,b'David Warner Gives His Daughter a Ride at Home Amid COVID-19 Lockdown (Watch Video)\n\nhttps://t.co/nEiqv7pYGh\xe2\x80\xa6 https://t.co/3QhTJ27OY7',b'YahooCricket',[],74656
2020-04-08 13:00:00,"b'David Warner, SRH Captain, Replicates Ravindra Jadeja\xe2\x80\x99s Sword-Celebration in This Throwback Video, Asks Fans to Giv\xe2\x80\xa6 https://t.co/0kiaBtGZNS'",b'YahooCricket',[],74656
2020-04-08 12:49:21,"b'RT @ITGDsports: ""Do you think I\xe2\x80\x99ve got #RavindraJadeja covered for the sword??"" #DavidWarner asked the fans.\n\n#IPL2020 #Cricketnews #TeamIn\xe2\x80\xa6'",b'sumitgurjarP',"['RavindraJadeja', 'DavidWarner', 'IPL2020', 'Cricketnews']",1356
2020-04-08 12:44:02,"b'RT @ITGDsports: ""Do you think I\xe2\x80\x99ve got #RavindraJadeja covered for the sword??"" #DavidWarner asked the fans.\n\n#IPL2020 #Cricketnews #TeamIn\xe2\x80\xa6'",b'IndiaTodayFLASH',"['RavindraJadeja', 'DavidWarner', 'IPL2020', 'Cricketnews']",1120441
2020-04-08 12:43:28,"b'RT @ITGDsports: ""Do you think I\xe2\x80\x99ve got #RavindraJadeja covered for the sword??"" #DavidWarner asked the fans.\n\n#IPL2020 #Cricketnews #TeamIn\xe2\x80\xa6'",b'IndiaToday',"['RavindraJadeja', 'DavidWarner', 'IPL2020', 'Cricketnews']",5286027
2020-04-08 12:39:44,"b'""Do you think I\xe2\x80\x99ve got #RavindraJadeja covered for the sword??"" #DavidWarner asked the fans.\n\n#IPL2020 #Cricketnews\xe2\x80\xa6 https://t.co/LqjBfWo87a'",b'ITGDsports',"['RavindraJadeja', 'DavidWarner', 'IPL2020', 'Cricketnews']",5580
2020-04-08 10:05:39,"b'David Warner, SRH Captain, Replicates Ravindra Jadeja\xe2\x80\x99s Sword-Celebration in This Throwback Video, Asks Fans to Giv\xe2\x80\xa6 https://t.co/YWSZA0IwmS'",b'latestly',[],57831
2020-04-08 08:51:40,"b'RT @KOHLICULTONE8: *Most times scoring 500+ runs in an IPL Season*\n\n5 - Virat Kohli (2011, 2013, 2015, 2016, 2018)\n\n5 - David Warner (2014,\xe2\x80\xa6'",b'SrAbuBakr',[],178
2020-04-08 08:02:56,b'RT @CricketNDTV: #DavidWarner shared a throwback video about a shoot for #SunRisersHyderabad where he is wielding the bat like a sword\n\nhtt\xe2\x80\xa6',b'AVINASH49465394',"['DavidWarner', 'SunRisersHyderabad']",530
2020-04-08 08:00:26,b'RT @CricketNDTV: #DavidWarner shared a throwback video about a shoot for #SunRisersHyderabad where he is wielding the bat like a sword\n\nhtt\xe2\x80\xa6',b'Sports_NDTV',"['DavidWarner', 'SunRisersHyderabad']",568969
2020-04-08 08:00:19,b'RT @CricketNDTV: #DavidWarner shared a throwback video about a shoot for #SunRisersHyderabad where he is wielding the bat like a sword\n\nhtt\xe2\x80\xa6',b'ndtv',"['DavidWarner', 'SunRisersHyderabad']",12543580
2020-04-08 08:00:12,b'#DavidWarner shared a throwback video about a shoot for #SunRisersHyderabad where he is wielding the bat like a swo\xe2\x80\xa6 https://t.co/X4JXiieWaq',b'CricketNDTV',"['DavidWarner', 'SunRisersHyderabad']",1810197
2020-04-08 07:34:13,b'RT @CricFit: Friendship Goals \xe2\x9d\xa4\xef\xb8\x8f @davidwarner31\n.\n.\n#DavidWarner #philhughes #Australia #Aussie #IndianCricket #TeamIndia #freinds #Cricket\xe2\x80\xa6',b'Basa95259600',"['DavidWarner', 'philhughes', 'Australia', 'Aussie', 'IndianCricket', 'TeamIndia', 'freinds', 'Cricket']",67
2020-04-08 07:07:32,b'RT @EricRoberts: Great Episode! @CWSupergirl @SupergirlStaff &amp; Flash From Past \xe2\x80\x9cLois &amp; Clark\xe2\x80\x9d @MomElizaRoberts #DavidWarner https://t.co/Nh\xe2\x80\xa6',b'natasha27891142',['DavidWarner'],33
2020-04-08 05:57:23,"b""RT @cricbuzz: . @bhogleharsha lists out five significant chapters in @SunRisers \n's IPL journey. What according to you has been the definin\xe2\x80\xa6""",b'Akshay461998',[],110
2020-04-08 03:44:56,b'RT @EricRoberts: Great Episode! @CWSupergirl @SupergirlStaff &amp; Flash From Past \xe2\x80\x9cLois &amp; Clark\xe2\x80\x9d @MomElizaRoberts #DavidWarner https://t.co/Nh\xe2\x80\xa6',b'Marianspielman1',['DavidWarner'],5376
2020-04-08 03:38:29,"b""RT @cricbuzz: . @bhogleharsha lists out five significant chapters in @SunRisers \n's IPL journey. What according to you has been the definin\xe2\x80\xa6""",b'AGAM1308',[],45
2020-04-08 03:36:23,b'Great Episode! @CWSupergirl @SupergirlStaff &amp; Flash From Past \xe2\x80\x9cLois &amp; Clark\xe2\x80\x9d @MomElizaRoberts #DavidWarner https://t.co/NhFX2rwQDf',b'EricRoberts',['DavidWarner'],45944
2020-04-08 02:55:35,b'#GreatestT20Player\n\n#RohitSharma or #Bumrah\n#davidwarner or #ShoaibMalik\n\n#Cricket\n#CricketQuiz\n#ESPN #ViratKohli \n\n https://t.co/7RPrFryX2D',b'Karthick_tweets',"['GreatestT20Player', 'RohitSharma', 'Bumrah', 'davidwarner', 'ShoaibMalik', 'Cricket', 'CricketQuiz', 'ESPN', 'ViratKohli']",21
2020-04-08 01:32:19,b'RT @CricFit: Friendship Goals \xe2\x9d\xa4\xef\xb8\x8f @davidwarner31\n.\n.\n#DavidWarner #philhughes #Australia #Aussie #IndianCricket #TeamIndia #freinds #Cricket\xe2\x80\xa6',b'akshayamani12',"['DavidWarner', 'philhughes', 'Australia', 'Aussie', 'IndianCricket', 'TeamIndia', 'freinds', 'Cricket']",357
2020-04-07 20:52:21,"b'RT @IAmShereAalam: @SaluteCotterell @JontyRhodes8 @davidwarner31 \nWhat a salute by #Sheldon , wonderful catch by #Rhodes8 &amp; what\xe2\x80\x99s an amazi\xe2\x80\xa6'",b'IAmGulshanJahan',"['Sheldon', 'Rhodes8']",132
2020-04-07 19:50:08,b'#davidwarner @davidwarner31 challenge accepted.... Shaved my head in support of medical staff https://t.co/Q0htPDX9Fq',b'smalik_tweet',['davidwarner'],3
2020-04-07 19:18:56,"b'RT @KOHLICULTONE8: *Most times scoring 500+ runs in an IPL Season*\n\n5 - Virat Kohli (2011, 2013, 2015, 2016, 2018)\n\n5 - David Warner (2014,\xe2\x80\xa6'",b'ImPariveshVirat',[],84
2020-04-07 19:16:50,"b""RT @cricbuzz: . @bhogleharsha lists out five significant chapters in @SunRisers \n's IPL journey. What according to you has been the definin\xe2\x80\xa6""",b'mannojak',[],73
2020-04-07 19:00:34,"b'RT @KOHLICULTONE8: *Most times scoring 500+ runs in an IPL Season*\n\n5 - Virat Kohli (2011, 2013, 2015, 2016, 2018)\n\n5 - David Warner (2014,\xe2\x80\xa6'",b'King29451295',[],266
2020-04-07 18:59:42,"b'RT @KOHLICULTONE8: *Most times scoring 500+ runs in an IPL Season*\n\n5 - Virat Kohli (2011, 2013, 2015, 2016, 2018)\n\n5 - David Warner (2014,\xe2\x80\xa6'",b'Goatian1',[],1264
2020-04-07 18:35:36,"b""RT @cricbuzz: . @bhogleharsha lists out five significant chapters in @SunRisers \n's IPL journey. What according to you has been the definin\xe2\x80\xa6""",b'Raghuvaran24',[],289
2020-04-07 18:11:29,"b'*Most times scoring 500+ runs in an IPL Season*\n\n5 - Virat Kohli (2011, 2013, 2015, 2016, 2018)\n\n5 - David Warner (\xe2\x80\xa6 https://t.co/DquRJyZFzh'",b'KOHLICULTONE8',[],106
2020-04-07 17:57:28,b'RT @CricFit: Friendship Goals \xe2\x9d\xa4\xef\xb8\x8f @davidwarner31\n.\n.\n#DavidWarner #philhughes #Australia #Aussie #IndianCricket #TeamIndia #freinds #Cricket\xe2\x80\xa6',b'AhmedRa30319013',"['DavidWarner', 'philhughes', 'Australia', 'Aussie', 'IndianCricket', 'TeamIndia', 'freinds', 'Cricket']",471
2020-04-07 17:31:02,"b'I was privileged to meet one of my all time favourite British character actors, David Warner, as well as the lovely\xe2\x80\xa6 https://t.co/1ySrfyI6cy'",b'Gallifrey_GaryK',[],22
2020-04-07 15:53:37,b'RT @CricFit: Friendship Goals \xe2\x9d\xa4\xef\xb8\x8f @davidwarner31\n.\n.\n#DavidWarner #philhughes #Australia #Aussie #IndianCricket #TeamIndia #freinds #Cricket\xe2\x80\xa6',b'KaranVaswani14',"['DavidWarner', 'philhughes', 'Australia', 'Aussie', 'IndianCricket', 'TeamIndia', 'freinds', 'Cricket']",8
2020-04-07 15:38:40,"b""RT @cricbuzz: . @bhogleharsha lists out five significant chapters in @SunRisers \n's IPL journey. What according to you has been the definin\xe2\x80\xa6""",b'SrikarNTR',[],6079
2020-04-07 15:30:37,b'RT @CricFit: Friendship Goals \xe2\x9d\xa4\xef\xb8\x8f @davidwarner31\n.\n.\n#DavidWarner #philhughes #Australia #Aussie #IndianCricket #TeamIndia #freinds #Cricket\xe2\x80\xa6',b'MikkhailVaswani',"['DavidWarner', 'philhughes', 'Australia', 'Aussie', 'IndianCricket', 'TeamIndia', 'freinds', 'Cricket']",5172
2020-04-07 15:29:50,"b""RT @cricbuzz: . @bhogleharsha lists out five significant chapters in @SunRisers \n's IPL journey. What according to you has been the definin\xe2\x80\xa6""",b'willowtv',[],4104
2020-04-07 15:07:14,b'Friendship Goals \xe2\x9d\xa4\xef\xb8\x8f @davidwarner31\n.\n.\n#DavidWarner #philhughes #Australia #Aussie #IndianCricket #TeamIndia\xe2\x80\xa6 https://t.co/vBqdZ72E1o',b'CricFit',"['DavidWarner', 'philhughes', 'Australia', 'Aussie', 'IndianCricket', 'TeamIndia']",15940
2020-04-07 12:21:38,"b""RT @cricbuzz: . @bhogleharsha lists out five significant chapters in @SunRisers \n's IPL journey. What according to you has been the definin\xe2\x80\xa6""",b'meBhargavCherry',[],385
2020-04-07 10:47:27,"b""RT @cricbuzz: . @bhogleharsha lists out five significant chapters in @SunRisers \n's IPL journey. What according to you has been the definin\xe2\x80\xa6""",b'aneesh636',[],213
2020-04-07 10:45:16,b'#babarazam \n#davidwarner \n#williamson \n    Now your choice \n      A perfect economics in budget constraint https://t.co/OWXFvaXGRx',b'ArshadK32380960',"['babarazam', 'davidwarner', 'williamson']",0
2020-04-07 09:20:41,"b""RT @cricbuzz: . @bhogleharsha lists out five significant chapters in @SunRisers \n's IPL journey. What according to you has been the definin\xe2\x80\xa6""",b'MoukthikS',[],557
2020-04-07 08:56:14,"b""RT @cricbuzz: . @bhogleharsha lists out five significant chapters in @SunRisers \n's IPL journey. What according to you has been the definin\xe2\x80\xa6""",b'sharath1125',[],41
2020-04-07 08:49:05,"b""RT @cricbuzz: . @bhogleharsha lists out five significant chapters in @SunRisers \n's IPL journey. What according to you has been the definin\xe2\x80\xa6""",b'ChaudhuriAbir',[],119
2020-04-07 08:33:59,"b""RT @cricbuzz: . @bhogleharsha lists out five significant chapters in @SunRisers \n's IPL journey. What according to you has been the definin\xe2\x80\xa6""",b'Selva_prakash_',[],704
2020-04-07 08:15:19,"b""RT @cricbuzz: . @bhogleharsha lists out five significant chapters in @SunRisers \n's IPL journey. What according to you has been the definin\xe2\x80\xa6""",b'shivakondra10',[],51
2020-04-07 08:13:01,"b""RT @cricbuzz: . @bhogleharsha lists out five significant chapters in @SunRisers \n's IPL journey. What according to you has been the definin\xe2\x80\xa6""",b'nreddy03',[],63
2020-04-07 07:32:02,"b""Former Pakistan skipper #WaqarYounis feels India's Test series win in Australia in 2018 was argely due to the absen\xe2\x80\xa6 https://t.co/HGXYmXHEfs""",b'PrakrutiTweets',['WaqarYounis'],374
2020-04-07 07:03:26,"b""cricbuzz: . bhogleharsha lists out five significant chapters in SunRisers \n's IPL journey. What according to you ha\xe2\x80\xa6 https://t.co/JIG0RJZztF""",b'vkyath',[],306
2020-04-07 06:58:30,"b""RT @cricbuzz: . @bhogleharsha lists out five significant chapters in @SunRisers \n's IPL journey. What according to you has been the definin\xe2\x80\xa6""",b'sree_pspk',[],42
2020-04-07 06:56:29,"b'RT @YahooCricket: India won series in Australia due to absence of Steve Smith and David Warner, claims Waqar Younis\n\nhttps://t.co/uBk3qqq2X\xe2\x80\xa6'",b'ja_pasha',[],298
2020-04-07 06:48:05,"b""RT @cricbuzz: . @bhogleharsha lists out five significant chapters in @SunRisers \n's IPL journey. What according to you has been the definin\xe2\x80\xa6""",b'saigautham123',[],128
2020-04-07 06:35:59,"b""RT @cricbuzz: . @bhogleharsha lists out five significant chapters in @SunRisers \n's IPL journey. What according to you has been the definin\xe2\x80\xa6""",b'manoj_pentela',[],38
2020-04-07 06:11:28,"b""RT @cricbuzz: . @bhogleharsha lists out five significant chapters in @SunRisers \n's IPL journey. What according to you has been the definin\xe2\x80\xa6""",b'lakshit1711',[],14
2020-04-07 06:07:47,"b""RT @cricbuzz: . @bhogleharsha lists out five significant chapters in @SunRisers \n's IPL journey. What according to you has been the definin\xe2\x80\xa6""",b'pa1charan1',[],64
2020-04-07 05:42:07,"b""RT @cricbuzz: . @bhogleharsha lists out five significant chapters in @SunRisers \n's IPL journey. What according to you has been the definin\xe2\x80\xa6""",b'Nipun05240178',[],33
2020-04-07 05:38:14,b'Both #AaronFinch and #DavidWarner have eight T20 centuries to their names.\n#Cricket #Playdiator https://t.co/qtOt7Q75Ei',b'Playdiator_app',"['AaronFinch', 'DavidWarner', 'Cricket', 'Playdiator']",0
2020-04-07 05:37:29,"b""RT @cricbuzz: . @bhogleharsha lists out five significant chapters in @SunRisers \n's IPL journey. What according to you has been the definin\xe2\x80\xa6""",b'Amitchhipa12',[],44
2020-04-07 05:30:00,"b'India won series in Australia due to absence of Steve Smith and David Warner, claims Waqar Younis\xe2\x80\xa6 https://t.co/opFjV6Fek4'",b'YahooCricket',[],74656
2020-04-07 05:15:07,b'David Warner has scored the most 50s in IPL.\n.\n#ipl #cricket #davidwarner #score #sportzcraazy #sureshraina\xe2\x80\xa6 https://t.co/hDZmiAs9nv',b'sportzcraazy',"['ipl', 'cricket', 'davidwarner', 'score', 'sportzcraazy', 'sureshraina']",204
2020-04-07 05:14:46,"b""RT @cricbuzz: . @bhogleharsha lists out five significant chapters in @SunRisers \n's IPL journey. What according to you has been the definin\xe2\x80\xa6""",b'chandukoppula',[],177
2020-04-07 05:12:09,"b""RT @cricbuzz: . @bhogleharsha lists out five significant chapters in @SunRisers \n's IPL journey. What according to you has been the definin\xe2\x80\xa6""",b'Gowthamgsp',[],280
2020-04-07 05:00:43,"b""RT @cricbuzz: . @bhogleharsha lists out five significant chapters in @SunRisers \n's IPL journey. What according to you has been the definin\xe2\x80\xa6""",b'NikhilN58604801',[],33
2020-04-07 04:49:02,"b""RT @cricbuzz: . @bhogleharsha lists out five significant chapters in @SunRisers \n's IPL journey. What according to you has been the definin\xe2\x80\xa6""",b'NamburiSaketh',[],54
2020-04-07 04:48:37,"b""RT @cricbuzz: . @bhogleharsha lists out five significant chapters in @SunRisers \n's IPL journey. What according to you has been the definin\xe2\x80\xa6""",b'NaramBhaskar',[],55
2020-04-07 04:47:31,"b""RT @cricbuzz: . @bhogleharsha lists out five significant chapters in @SunRisers \n's IPL journey. What according to you has been the definin\xe2\x80\xa6""",b'me2raviteja_26',[],104
2020-04-07 04:42:00,"b""RT @cricbuzz: . @bhogleharsha lists out five significant chapters in @SunRisers \n's IPL journey. What according to you has been the definin\xe2\x80\xa6""",b'msmmr37',[],56
2020-04-07 04:41:52,"b""RT @cricbuzz: . @bhogleharsha lists out five significant chapters in @SunRisers \n's IPL journey. What according to you has been the definin\xe2\x80\xa6""",b'itsSaiHarsha',[],82
2020-04-07 04:40:02,"b""RT @cricbuzz: . @bhogleharsha lists out five significant chapters in @SunRisers \n's IPL journey. What according to you has been the definin\xe2\x80\xa6""",b'giriganeshsrt',[],29
2020-04-07 04:39:41,"b""RT @cricbuzz: . @bhogleharsha lists out five significant chapters in @SunRisers \n's IPL journey. What according to you has been the definin\xe2\x80\xa6""",b'kite_rddd',[],40
2020-04-07 04:30:55,"b""RT @cricbuzz: . @bhogleharsha lists out five significant chapters in @SunRisers \n's IPL journey. What according to you has been the definin\xe2\x80\xa6""",b'RizwanH40818952',[],293
2020-04-07 04:30:44,"b""RT @cricbuzz: . @bhogleharsha lists out five significant chapters in @SunRisers \n's IPL journey. What according to you has been the definin\xe2\x80\xa6""",b'Narendr59945200',[],10
2020-04-07 04:30:00,"b"". @bhogleharsha lists out five significant chapters in @SunRisers \n's IPL journey. What according to you has been t\xe2\x80\xa6 https://t.co/gQhFRdkkwZ""",b'cricbuzz',[],4309496
2020-04-06 20:38:23,"b'Love this movie.  \xc2\xab\xc2\xa0Don\xe2\x80\x99t touch that, Dad! It\xe2\x80\x99s Evil.\xe2\x80\x9d #timebandits #davidwarner #terrygilliam #seanconnery https://t.co/zPhysatqpc'",b'Adriennecrew',"['timebandits', 'davidwarner', 'terrygilliam', 'seanconnery']",189
2020-04-06 17:00:23,b'RT @CricUniverse: David warner clicked with Tidal Cans !\n\xf0\x9f\x98\x85\n#davidwarner #tidalcans #australia #cricketuniverse #ipl2018 #ipl #cricketnews #\xe2\x80\xa6',b'EliteOzzy',"['davidwarner', 'tidalcans', 'australia', 'cricketuniverse', 'ipl2018', 'ipl', 'cricketnews']",243
2020-04-06 16:17:13,b'David warner clicked with Tidal Cans !\n\xf0\x9f\x98\x85\n#davidwarner #tidalcans #australia #cricketuniverse #ipl2018 #ipl\xe2\x80\xa6 https://t.co/0VyLCKYUIA',b'CricUniverse',"['davidwarner', 'tidalcans', 'australia', 'cricketuniverse', 'ipl2018', 'ipl']",718
2020-04-06 15:49:44,"b'Not taking away credit but India won in Australia largely due to absence of Warner, Smith: Waqar Younis\n#indvsaus\xe2\x80\xa6 https://t.co/sNsU8Mvhhs'",b'TheStatesmanLtd',['indvsaus'],11203
2020-04-06 14:43:23,"b""'Australia were without #SteveSmith, #DavidWarner': Former Pakistan speedster #WaqarYounis talks about India's 2018\xe2\x80\xa6 https://t.co/4qnCSoVwqp""",b'dna',"['SteveSmith', 'DavidWarner', 'WaqarYounis']",2115487
2020-04-06 13:23:59,b'RT @Sportskeeda: Is Waqar Younis right in suggesting that India\xe2\x80\x99s historic win in Australia was down to the absence of Steve Smith and Davi\xe2\x80\xa6',b'ravidebonair',[],432
2020-04-06 13:09:30,b'Is Waqar Younis right in suggesting that India\xe2\x80\x99s historic win in Australia was down to the absence of Steve Smith a\xe2\x80\xa6 https://t.co/HTE5uUMGxA',b'SK__Cricket',[],7967
2020-04-06 13:09:14,b'Is Waqar Younis right in suggesting that India\xe2\x80\x99s historic win in Australia was down to the absence of Steve Smith a\xe2\x80\xa6 https://t.co/qB9iotFhwV',b'Sportskeeda',[],93634
2020-04-06 13:04:02,b'RT @ITGDsports: Waqar Younis said that absence of #SteveSmith and #DavidWarner helped India register their maiden Test series win Down Unde\xe2\x80\xa6',b'IndiaTodayFLASH',"['SteveSmith', 'DavidWarner']",1120441
2020-04-06 13:03:01,b'RT @ITGDsports: Waqar Younis said that absence of #SteveSmith and #DavidWarner helped India register their maiden Test series win Down Unde\xe2\x80\xa6',b'IndiaToday',"['SteveSmith', 'DavidWarner']",5286027
2020-04-06 12:51:38,b'Waqar Younis said that absence of #SteveSmith and #DavidWarner helped India register their maiden Test series win D\xe2\x80\xa6 https://t.co/doFCRq0YPf',b'ITGDsports',"['SteveSmith', 'DavidWarner']",5580
2020-04-06 12:40:53,"b'Hanuma Vihari, India\xe2\x80\x99s Test Specialist, Chooses Rohit Sharma Over David Warner As the Best Opening Batsman\xe2\x80\xa6 https://t.co/vx7AVC8cRI'",b'YahooCricket',[],74656
2020-04-06 12:40:48,"b'RT @ChennaiTimesTOI: Meet Baskaran, Chepauk stadium\xe2\x80\x99s star cobbler who has mended the gear of cricketers including #MSDhoni #Sachin #Raina\xe2\x80\xa6'",b'Praveentyagaraj',"['MSDhoni', 'Sachin', 'Raina']",348
2020-04-06 12:32:13,"b""Pat Cummins has revealed the cricketer with whom he doesn't want to be quarantined.\n\n#Patcummins #DavidWarner\xe2\x80\xa6 https://t.co/AHKsncA9e7""",b'crictoday',"['Patcummins', 'DavidWarner']",1192
2020-04-06 10:18:44,"b""What's your best combination? \xf0\x9f\x94\xa5\n\n#RohitSharma #BabarAzam #ChrisGayle #DavidWarner https://t.co/QphBp8VT5J""",b'RooterSports',"['RohitSharma', 'BabarAzam', 'ChrisGayle', 'DavidWarner']",4791
2020-04-06 09:29:46,"b'RT @ChennaiTimesTOI: Meet Baskaran, Chepauk stadium\xe2\x80\x99s star cobbler who has mended the gear of cricketers including #MSDhoni #Sachin #Raina\xe2\x80\xa6'",b'msuganth',"['MSDhoni', 'Sachin', 'Raina']",11599
2020-04-06 08:35:13,"b'RT @ChennaiTimesTOI: Meet Baskaran, Chepauk stadium\xe2\x80\x99s star cobbler who has mended the gear of cricketers including #MSDhoni #Sachin #Raina\xe2\x80\xa6'",b'MersalB56008848',"['MSDhoni', 'Sachin', 'Raina']",43
2020-04-06 08:33:42,b'RT @CricFit: Pick Your Team!\n.\n.\n#commentbelow #Cricket #IndianCricket #TeamIndia #IPL2020 #Team #Game #legends #MSDHONI #ViratKohli #David\xe2\x80\xa6',b'KaranVaswani14',"['commentbelow', 'Cricket', 'IndianCricket', 'TeamIndia', 'IPL2020', 'Team', 'Game', 'legends', 'MSDHONI', 'ViratKohli']",8
2020-04-06 08:22:19,b'\xf0\x9f\x8f\x8f \n\nThe Greatest T20 Player \xf0\x9f\xa4\x94 \nWarner or Malik? Bumrah or Rohit? \n\n#Cricket #T20 #HaveYourSay #DavidWarner\xe2\x80\xa6 https://t.co/MVqL0I4TMr',b'TheCricketWire',"['Cricket', 'T20', 'HaveYourSay', 'DavidWarner']",142
2020-04-06 07:23:26,"b'RT @ChennaiTimesTOI: Meet Baskaran, Chepauk stadium\xe2\x80\x99s star cobbler who has mended the gear of cricketers including #MSDhoni #Sachin #Raina\xe2\x80\xa6'",b'mRajjan',"['MSDhoni', 'Sachin', 'Raina']",98
2020-04-06 07:09:38,"b'Meet Baskaran, Chepauk stadium\xe2\x80\x99s star cobbler who has mended the gear of cricketers including #MSDhoni #Sachin\xe2\x80\xa6 https://t.co/hCIUdpJTaE'",b'ChennaiTimesTOI',"['MSDhoni', 'Sachin']",118955
2020-04-06 06:53:27,b'Pick Your Team!\n.\n.\n#commentbelow #Cricket #IndianCricket #TeamIndia #IPL2020 #Team #Game #legends #MSDHONI\xe2\x80\xa6 https://t.co/mHAXwgzXhO',b'CricFit',"['commentbelow', 'Cricket', 'IndianCricket', 'TeamIndia', 'IPL2020', 'Team', 'Game', 'legends', 'MSDHONI']",15940
2020-04-06 06:29:16,b'David warner has scored the most 50s in IPL #ipl #iplt20 #iplt2020 #iplfan #cricket #cricketfan #fantasycricket\xe2\x80\xa6 https://t.co/QbGuCQlCRh',b'priyans81160922',"['ipl', 'iplt20', 'iplt2020', 'iplfan', 'cricket', 'cricketfan', 'fantasycricket']",446
2020-04-06 06:25:52,b'David warner has scored the most 50s in IPL #ipl #iplt20 #iplt2020 #iplfan #cricket #cricketfan #fantasycricket\xe2\x80\xa6 https://t.co/jWU8FHlIRq',b'Myteam11T',"['ipl', 'iplt20', 'iplt2020', 'iplfan', 'cricket', 'cricketfan', 'fantasycricket']",1013
2020-04-05 16:19:29,b'RT @CricFit: Agree?\n@ImRo45 @davidwarner31 @TomMoodyCricket\n.\n. \n#RohitSharma #DavidWarner #IndianCricket #AustraliaCricket #Aussie #India\xe2\x80\xa6',b'chavanithin6',"['RohitSharma', 'DavidWarner', 'IndianCricket', 'AustraliaCricket', 'Aussie', 'India']",180
2020-04-05 15:14:29,b'RT @CricFit: Agree?\n@ImRo45 @davidwarner31 @TomMoodyCricket\n.\n. \n#RohitSharma #DavidWarner #IndianCricket #AustraliaCricket #Aussie #India\xe2\x80\xa6',b'KaranVaswani14',"['RohitSharma', 'DavidWarner', 'IndianCricket', 'AustraliaCricket', 'Aussie', 'India']",8
