Timestamp,Tweet,username,hashtags,followers_count
2020-04-08 20:00:18,b'RT @im_ViratKohlifc: Which cricketer has huge fan base ?\n\nLike : #Kohli \n\nRetweet : #Dhoni \n\n#ViratKohli #MSDhoni \n#IPL2020 #VIVOIPL #IPL h\xe2\x80\xa6',b'Injamam51571900',"['Kohli', 'Dhoni', 'ViratKohli', 'MSDhoni', 'IPL2020', 'VIVOIPL', 'IPL']",0
2020-04-08 20:00:02,b'Please vote for us tomorrow evening from 7pm! #IPL #Dhoni #Kohli \nWill tweet again tomorrow night with the link to\xe2\x80\xa6 https://t.co/78KEcKBqkm',b'robtaylor1989',"['IPL', 'Dhoni', 'Kohli']",9793
2020-04-08 19:59:29,b'RT @BCCI_Tweet: You are Big FAN of ?\n\n1). #Tendulkar\n2). #MSDhoni\n3). #Yuvraj\n4). #Dravid\n5). #Rohit\n6). #Kohli\n\n#TeamIndia #BCCI https://t\xe2\x80\xa6',b'farukulislam082',"['Tendulkar', 'MSDhoni', 'Yuvraj', 'Dravid', 'Rohit', 'Kohli', 'TeamIndia', 'BCCI']",229
2020-04-08 19:01:07,b'RT @imAkshaytadvi: @ICC #virushka #Kohli #TeamIndia \n\xf0\x9f\x90\xb6\xf0\x9f\x90\xb6\xf0\x9f\x90\xb6\xf0\x9f\x90\xb6\xf0\x9f\x90\xb6\xf0\x9f\x90\xb6\xf0\x9f\x90\xb6\xf0\x9f\x90\xb6\xf0\x9f\x90\xb6\xf0\x9f\x90\xb6\xf0\x9f\x90\xb6\xf0\x9f\x90\xb6\n\nFollow @imAkshaytadvi \xe2\x9c\x94\xe2\x9c\x94 https://t.co/wNFrzjrZFC',b'AkashLostIn18',"['virushka', 'Kohli', 'TeamIndia']",190
2020-04-08 18:41:02,b'RT @amitava0112: Bangladesh cricketers with their activities amidst lockdown https://t.co/qAI9kOr0ki \n\n#dhoni #kohli #virat #viratkohli #ki\xe2\x80\xa6',b'rs_social15',"['dhoni', 'kohli', 'virat', 'viratkohli']",1308
2020-04-08 18:40:55,b'RT @amitava0112: Alec Stewart : the Englishman who initiated the change of role of wicketkeeper-batsman https://t.co/uSdCwV1Kv9 \n\n#dhoni #k\xe2\x80\xa6',b'rs_social15',['dhoni'],1308
2020-04-08 16:43:48,b'RT @amitava0112: Ben Stokes named Wisden Cricketer of the year 2020 https://t.co/ab3nqZRHHe\n\n@benstokes38 #dhoni  #kohli #virat #viratkohli\xe2\x80\xa6',b'cricviewmedia',"['dhoni', 'kohli', 'virat', 'viratkohli']",469
2020-04-08 16:41:46,b'Ben Stokes named Wisden Cricketer of the year 2020 https://t.co/ab3nqZRHHe\n\n@benstokes38 #dhoni  #kohli #virat\xe2\x80\xa6 https://t.co/2X4lp6pebj',b'amitava0112',"['dhoni', 'kohli', 'virat']",80
2020-04-08 16:29:13,"b'RT @Joeys_Chandler: @Kohlistic18 @Goatian1 Why are you comparing man. Everyone knows who is best. ""Wisden leading cricketer of the year"" is\xe2\x80\xa6'",b'Goatian1',[],1264
2020-04-08 16:03:23,"b'@Kohlistic18 @Goatian1 Why are you comparing man. Everyone knows who is best. ""Wisden leading cricketer of the year\xe2\x80\xa6 https://t.co/qWHJYzEY3t'",b'Joeys_Chandler',[],42
2020-04-08 15:43:11,b'Alec Stewart : the Englishman who initiated the change of role of wicketkeeper-batsman https://t.co/uSdCwV1Kv9\xe2\x80\xa6 https://t.co/761FijpIJv',b'amitava0112',[],80
2020-04-08 15:40:42,b'Bangladesh cricketers with their activities amidst lockdown https://t.co/qAI9kOr0ki \n\n#dhoni #kohli #virat\xe2\x80\xa6 https://t.co/Bee2CgbXKh',b'amitava0112',"['dhoni', 'kohli', 'virat']",80
2020-04-08 15:01:35,b'RT @im_ViratKohlifc: Which cricketer has huge fan base ?\n\nLike : #Kohli \n\nRetweet : #Dhoni \n\n#ViratKohli #MSDhoni \n#IPL2020 #VIVOIPL #IPL h\xe2\x80\xa6',b'Virendr93749476',"['Kohli', 'Dhoni', 'ViratKohli', 'MSDhoni', 'IPL2020', 'VIVOIPL', 'IPL']",0
2020-04-08 14:57:15,b'On field.... #beforeCorona #cricket #khel #kohli #dhoni https://t.co/OvDk267W9V',b'kamleshraj007',"['beforeCorona', 'cricket', 'khel', 'kohli', 'dhoni']",177
2020-04-08 14:48:48,b'This is the difference between @YUVSTRONG12 #YuvrajSingh nd @msdhoni #dhoni #dhobi.\nSo Just bullshit ppl of the wrl\xe2\x80\xa6 https://t.co/abqgvl7e7k',b'SuperfanYuvi',"['YuvrajSingh', 'dhoni', 'dhobi']",1
2020-04-08 14:39:16,b'Few words about #Kohli ?\n@iamharishkalyan\n#AskHarishKalyan',b'Chaitanyaa__k',"['Kohli', 'AskHarishKalyan']",278
2020-04-08 13:49:43,b'RT @sixitsports: #Wisden announces #leading #cricketer #2019 #Benstokes ending the 3-year reign of #viratkohli #kohli #cricket #SiXiT #perf\xe2\x80\xa6',b'RaviKum75193040',"['Wisden', 'leading', 'cricketer', 'Benstokes', 'viratkohli', 'kohli', 'cricket', 'SiXiT']",31
2020-04-08 13:42:53,b'Great Batsman with the iconic MRF bat:\n#cricket #sachin #abd #kohli #chahal\n@im_yash2307 \n@Marvellous_Capt\xe2\x80\xa6 https://t.co/e51RLGXwQH',b'Bollyprashwood',"['cricket', 'sachin', 'abd', 'kohli', 'chahal']",35
2020-04-08 13:07:21,"b""RT @ak4tsay1: Which team has the best set of all-rounders..? \xf0\x9f\x98\x8d\n\nComment below \xf0\x9f\x91\x87\n\nHere's our rating of all-rounders of all the teams for IPL\xe2\x80\xa6""",b'cric8fanatic',[],528
2020-04-08 13:07:07,"b""Which team has the best set of all-rounders..? \xf0\x9f\x98\x8d\n\nComment below \xf0\x9f\x91\x87\n\nHere's our rating of all-rounders of all the tea\xe2\x80\xa6 https://t.co/1v8nx3NkUm""",b'ak4tsay1',[],220
2020-04-08 13:04:31,b'RT @Sportskeeda: Team India\xe2\x80\x99s former strength and mental conditioning coach who was with Virat Kohli during the 2011 World Cup campaigns re\xe2\x80\xa6',b'gokul4022',[],160
2020-04-08 13:03:55,b'Team India\xe2\x80\x99s former strength and mental conditioning coach who was with Virat Kohli during the 2011 World Cup campa\xe2\x80\xa6 https://t.co/GAXu2dw0Es',b'Sportskeeda',[],93634
2020-04-08 13:03:28,b'Team India\xe2\x80\x99s former strength and mental conditioning coach who was with Virat Kohli during the 2011 World Cup campa\xe2\x80\xa6 https://t.co/nno1vBZQFk',b'SK__Cricket',[],7967
2020-04-08 12:51:15,"b""RT @republic: Virat Kohli was only talented until he realised he was 'slightly overweight': Paddy Upton #Cricketnews #Kohli #RCB #IPL2020 h\xe2\x80\xa6""",b'MiThuN_itsme',"['Cricketnews', 'Kohli', 'RCB', 'IPL2020']",158
2020-04-08 12:48:49,"b""Virat Kohli was only talented until he realised he was 'slightly overweight': Paddy Upton #Cricketnews #Kohli #RCB\xe2\x80\xa6 https://t.co/tF8qTWgIZ8""",b'republic',"['Cricketnews', 'Kohli', 'RCB']",932078
2020-04-08 12:44:42,"b'Can someone tell me the instances when Virat Kohli has backed a player inspite of failed performances (IPL, ODI, T2\xe2\x80\xa6 https://t.co/1cg4pLcHE1'",b'shashankv76',[],44
2020-04-08 12:32:25,b'RT @republic: Virat Kohli picks Nasser Hussain over Ravi Shastri as his favourite commentator at present #IPL #RCB #Kohli #CoronavirusOutbr\xe2\x80\xa6',b'piyushtiwari_',"['IPL', 'RCB', 'Kohli']",422
2020-04-08 12:20:29,"b'In this edition, we look at how a simple decision could have changed the entire IPL scenario for many franchises.\xe2\x80\xa6 https://t.co/ArqDkpNpFE'",b'IndiaSportscafe',[],1479
2020-04-08 12:01:37,"b""#cricket #wisdenhonours #Cricketnews @benstokes38 Named @WisdenAlmanack Leading Men's Cricketer in World;\xe2\x80\xa6 https://t.co/5xaVwWs4Eo""",b'indiacom',"['cricket', 'wisdenhonours', 'Cricketnews']",10513
2020-04-08 12:00:56,"b""#cricket #wisdenhonours #Cricketnews @benstokes38 Named @WisdenAlmanack Leading Men's Cricketer in World;\xe2\x80\xa6 https://t.co/3wGUZRl4mJ""",b'cricket_country',"['cricket', 'wisdenhonours', 'Cricketnews']",38738
2020-04-08 11:31:40,b'Which one is bitter Rivalry\n@Cristiano VS @TeamMessi\nOr\n@imVkohli VS @babarazam258\n.\n#Ronaldo #messi #babar #Kohli',b'AntiCapitale',"['Ronaldo', 'messi', 'babar', 'Kohli']",7292
2020-04-08 11:13:28,b'#Wisden announces #leading #cricketer #2019 #Benstokes ending the 3-year reign of #viratkohli #kohli #cricket\xe2\x80\xa6 https://t.co/WBurMpfNkD',b'sixitsports',"['Wisden', 'leading', 'cricketer', 'Benstokes', 'viratkohli', 'kohli', 'cricket']",1603
2020-04-08 10:56:03,b'\xf0\x9f\x98\x81\xf0\x9f\x98\x81\xf0\x9f\x98\x81\xf0\x9f\x87\xae\xf0\x9f\x87\xb3\xf0\x9f\x87\xae\xf0\x9f\x87\xb3\xf0\x9f\x87\xae\xf0\x9f\x87\xb3!!! @msdhoni @imVkohli @ImRo45 #Dhoni #MSDhoni #RohitSharma #Kohli \nFollow me \xf0\x9f\x91\x89 @nitish1452006 \xf0\x9f\x91\x88 for more\xf0\x9f\x86\x97\xe2\x80\xa6 https://t.co/RZ11CVH4d1',b'nitish1452006',"['Dhoni', 'MSDhoni', 'RohitSharma', 'Kohli']",31
2020-04-08 10:44:53,b'RT @Offl_TheViper: Which cricketer has huge fan base ?\n\nLike : #Kohli \n\nRetweet : #Dhoni https://t.co/Xb2xCHItXj',b'Fawsan_Twitz',"['Kohli', 'Dhoni']",1132
2020-04-08 10:38:17,b'RT @republic: Virat Kohli picks Nasser Hussain over Ravi Shastri as his favourite commentator at present #IPL #RCB #Kohli #CoronavirusOutbr\xe2\x80\xa6',b'mohitsmartlove',"['IPL', 'RCB', 'Kohli']",1041
2020-04-08 10:37:35,b'RT @republic: Kevin Pietersen adorably plays backyard golf with pet dogs; watch video #Pietersen #Kohli #Cricketnews https://t.co/WvorHbP9Js',b'mohitsmartlove',"['Pietersen', 'Kohli', 'Cricketnews']",1041
2020-04-08 10:36:18,b'RT @republic: Virat Kohli picks Nasser Hussain over Ravi Shastri as his favourite commentator at present #IPL #RCB #Kohli #CoronavirusOutbr\xe2\x80\xa6',b'samarjeet_n',"['IPL', 'RCB', 'Kohli']",81623
2020-04-08 10:31:34,b'Kevin Pietersen adorably plays backyard golf with pet dogs; watch video #Pietersen #Kohli #Cricketnews https://t.co/WvorHbP9Js',b'republic',"['Pietersen', 'Kohli', 'Cricketnews']",932078
2020-04-08 10:00:33,b'RT @republic: Virat Kohli picks Nasser Hussain over Ravi Shastri as his favourite commentator at present #IPL #RCB #Kohli #CoronavirusOutbr\xe2\x80\xa6',b'anoop_ydv',"['IPL', 'RCB', 'Kohli']",100
2020-04-08 10:00:00,b'Virat Kohli picks Nasser Hussain over Ravi Shastri as his favourite commentator at present #IPL #RCB #Kohli\xe2\x80\xa6 https://t.co/XdqF2V3viQ',b'republic',"['IPL', 'RCB', 'Kohli']",932078
2020-04-08 09:55:41,b'Kohli is shit anyway #kohli #cricket RIP my mentions https://t.co/c9eEhuGIU6',b'chetvingtsept',"['kohli', 'cricket']",130
2020-04-08 09:36:49,b'RT @Offl_TheViper: Which cricketer has huge fan base ?\n\nLike : #Kohli \n\nRetweet : #Dhoni https://t.co/Xb2xCHItXj',b'praneethnik23',"['Kohli', 'Dhoni']",10
2020-04-08 09:33:23,b'RT @imAkshaytadvi: @ICC #virushka #Kohli #TeamIndia \n\xf0\x9f\x90\xb6\xf0\x9f\x90\xb6\xf0\x9f\x90\xb6\xf0\x9f\x90\xb6\xf0\x9f\x90\xb6\xf0\x9f\x90\xb6\xf0\x9f\x90\xb6\xf0\x9f\x90\xb6\xf0\x9f\x90\xb6\xf0\x9f\x90\xb6\xf0\x9f\x90\xb6\xf0\x9f\x90\xb6\n\nFollow @imAkshaytadvi \xe2\x9c\x94\xe2\x9c\x94 https://t.co/wNFrzjrZFC',b'imAkshaytadvi',"['virushka', 'Kohli', 'TeamIndia']",82
2020-04-08 09:33:09,b'@ICC #virushka #Kohli #TeamIndia \n\xf0\x9f\x90\xb6\xf0\x9f\x90\xb6\xf0\x9f\x90\xb6\xf0\x9f\x90\xb6\xf0\x9f\x90\xb6\xf0\x9f\x90\xb6\xf0\x9f\x90\xb6\xf0\x9f\x90\xb6\xf0\x9f\x90\xb6\xf0\x9f\x90\xb6\xf0\x9f\x90\xb6\xf0\x9f\x90\xb6\n\nFollow @imAkshaytadvi \xe2\x9c\x94\xe2\x9c\x94 https://t.co/wNFrzjrZFC',b'imAkshaytadvi',"['virushka', 'Kohli', 'TeamIndia']",82
2020-04-08 08:16:58,"b'RT @sports_xplore: \xf0\x9f\x8f\x8fIPL Records\xe2\x9d\x97\xef\xb8\x8f\xf0\x9f\x94\xa5\n\n\xf0\x9f\x8e\xafIn absence of Live action, Let\xe2\x80\x99s indulge in some nostalgia!\nhttps://t.co/5iD30OfVdL\n\n#XploreSports #IP\xe2\x80\xa6'",b'CricketCraze4',['XploreSports'],102
2020-04-08 07:52:58,b'I wish to have #Kohli or #Ganguly at the slips when Jones flicked it across. Indians then were too soft :) https://t.co/PHV5yYITjK',b'aravindte',"['Kohli', 'Ganguly']",84
2020-04-08 07:16:49,b'RT @Offl_TheViper: Which cricketer has huge fan base ?\n\nLike : #Kohli \n\nRetweet : #Dhoni https://t.co/Xb2xCHItXj',b'KVENKADESH11',"['Kohli', 'Dhoni']",175
2020-04-08 07:14:56,b'RT @Offl_TheViper: Which cricketer has huge fan base ?\n\nLike : #Kohli \n\nRetweet : #Dhoni https://t.co/Xb2xCHItXj',b'MkDoss7',"['Kohli', 'Dhoni']",536
2020-04-08 07:12:53,b'RT @Offl_TheViper: Which cricketer has huge fan base ?\n\nLike : #Kohli \n\nRetweet : #Dhoni https://t.co/Xb2xCHItXj',b'DK11042001',"['Kohli', 'Dhoni']",611
2020-04-08 07:12:18,b'RT @Offl_TheViper: Which cricketer has huge fan base ?\n\nLike : #Kohli \n\nRetweet : #Dhoni https://t.co/Xb2xCHItXj',b'imv_twitz',"['Kohli', 'Dhoni']",3349
2020-04-08 07:12:12,"b""#Tendulkar, #Kohli find spot in Clarke's list of greatest batsmen\nFormer Australia captain Michael Clarke has come\xe2\x80\xa6 https://t.co/5QI9XQVVD6""",b'cricketnews_com',"['Tendulkar', 'Kohli']",2456
2020-04-08 06:46:40,b'RT @Offl_TheViper: Which cricketer has huge fan base ?\n\nLike : #Kohli \n\nRetweet : #Dhoni https://t.co/Xb2xCHItXj',b'Ravi17120021',"['Kohli', 'Dhoni']",0
2020-04-08 06:22:42,b'RT @Joeys_Chandler: Gurkeerat Singh on Instagram Live\n\n- If there will be Arm wrestle between AB and Kohli then Kohli will Win.\n- He ranked\xe2\x80\xa6',b'avni96811008',[],109
2020-04-08 06:10:53,b'RT @IndianSGamer: RCB vs SRH - IPL 2020.\n\nWatch: https://t.co/zR8qDEkMPk\n\nSubscribe for more.\n\n#IPL #IPL2020 #RCBvSRH #RCBvsSRH #RCB #SRH #\xe2\x80\xa6',b'ReGamertron',"['IPL', 'IPL2020', 'RCBvSRH', 'RCBvsSRH', 'RCB', 'SRH']",556
2020-04-08 06:07:10,b'RT @chishti1975: Michael Clarke reveals seven best batsmen of his era\n(Watch Video by Clicking Link Below)\n#Cricket #Australia #Kohli #Vira\xe2\x80\xa6',b'farhan_a_zaidi',"['Cricket', 'Australia', 'Kohli']",38
2020-04-08 05:32:00,"b'Applying his own theory, this man @MClarke23 is too, too soft on @BCCI and @imVkohli due to his deal as an IPL comm\xe2\x80\xa6 https://t.co/NAqjHjHlsc'",b'pranamkrishnap',[],17
2020-04-08 05:18:19,b'RT @Offl_TheViper: Which cricketer has huge fan base ?\n\nLike : #Kohli \n\nRetweet : #Dhoni https://t.co/Xb2xCHItXj',b'Silentrsound',"['Kohli', 'Dhoni']",42
2020-04-08 05:13:28,b'RT @RAJESHTarakian: Which cricketer has huge fan base ?\n\nLike : #Kohli \n\nRetweet : #Dhoni https://t.co/P71tOvXWzy',b'Shashantarakian',"['Kohli', 'Dhoni']",342
2020-04-08 05:12:04,b'RT @RAJESHTarakian: Which cricketer has huge fan base ?\n\nLike : #Kohli \n\nRetweet : #Dhoni https://t.co/P71tOvXWzy',b'Sainandakishor1',"['Kohli', 'Dhoni']",503
2020-04-08 04:22:06,b'RT @IndianSGamer: RCB vs SRH - IPL 2020.\n\nWatch: https://t.co/zR8qDEkMPk\n\nSubscribe for more.\n\n#IPL #IPL2020 #RCBvSRH #RCBvsSRH #RCB #SRH #\xe2\x80\xa6',b'dGujaratLionsFC',"['IPL', 'IPL2020', 'RCBvSRH', 'RCBvsSRH', 'RCB', 'SRH']",3436
2020-04-08 04:16:11,"b'#Kohli, #RohitSharma, #Bumrah\xe2\x80\x99s annual retainership is worth Rs 7 cr; @BCCI hopes a truncated IPL will salvage the\xe2\x80\xa6 https://t.co/ObcWfrWvCF'",b'ThePuneMirror',"['Kohli', 'RohitSharma', 'Bumrah']",19348
2020-04-08 03:32:41,b'RT @Offl_TheViper: Which cricketer has huge fan base ?\n\nLike : #Kohli \n\nRetweet : #Dhoni https://t.co/Xb2xCHItXj',b'abilash_im',"['Kohli', 'Dhoni']",42
2020-04-08 03:26:02,b'RT @IndianSGamer: RCB vs SRH - IPL 2020.\n\nWatch: https://t.co/zR8qDEkMPk\n\nSubscribe for more.\n\n#IPL #IPL2020 #RCBvSRH #RCBvsSRH #RCB #SRH #\xe2\x80\xa6',b'IndianSGamer',"['IPL', 'IPL2020', 'RCBvSRH', 'RCBvsSRH', 'RCB', 'SRH']",20
2020-04-08 02:46:14,b'Michael Clarke reveals seven best batsmen of his era\n(Watch Video by Clicking Link Below)\n#Cricket #Australia\xe2\x80\xa6 https://t.co/bqAcFM8EVU',b'chishti1975',"['Cricket', 'Australia']",1040
2020-04-08 02:02:01,b'RT @Offl_TheViper: Which cricketer has huge fan base ?\n\nLike : #Kohli \n\nRetweet : #Dhoni https://t.co/Xb2xCHItXj',b'Pavankaza3',"['Kohli', 'Dhoni']",8
2020-04-07 23:36:23,b'RT @tskhnofficial: King in their Respective field \xe2\x9d\xa3\xef\xb8\x8f\xe2\x9d\xa3\xef\xb8\x8f\xe2\x9d\xa3\xef\xb8\x8f\n#SalmanKhan #AmitabhBachchan #pele #Ronaldo #Sachin #Kohli\n\xf0\x9f\x94\xa5\xf0\x9f\x94\xa5\xf0\x9f\x94\xa5\xf0\x9f\x94\xa5\xf0\x9f\x94\xa5\xf0\x9f\x94\xa5 https://t.co/Hgo\xe2\x80\xa6',b'_salman_world27',"['SalmanKhan', 'AmitabhBachchan', 'pele', 'Ronaldo', 'Sachin', 'Kohli']",1297
2020-04-07 23:28:48,b'RT @Offl_TheViper: Which cricketer has huge fan base ?\n\nLike : #Kohli \n\nRetweet : #Dhoni https://t.co/Xb2xCHItXj',b'Thamizh65587737',"['Kohli', 'Dhoni']",4
2020-04-07 22:53:36,b'RT @iPkoppula: This deserves to be framed! Wish the clarity was better.\n#RCBvGL #IPL2016 #abdevilliers #Virat #Kohli https://t.co/ZU2jFIwtgB',b'babarcoverdrive',"['RCBvGL', 'IPL2016', 'abdevilliers', 'Virat', 'Kohli']",641
2020-04-07 22:20:38,b'RT @Offl_TheViper: Which cricketer has huge fan base ?\n\nLike : #Kohli \n\nRetweet : #Dhoni https://t.co/Xb2xCHItXj',b'KartheP',"['Kohli', 'Dhoni']",26
2020-04-07 20:16:32,b'RT @Offl_TheViper: Which cricketer has huge fan base ?\n\nLike : #Kohli \n\nRetweet : #Dhoni https://t.co/Xb2xCHItXj',b'VijayanSivalin2',"['Kohli', 'Dhoni']",49
2020-04-07 19:05:49,b'@Saj_PakPassion Big question raised on @BCCI #iplayer #ipl #kohli @askBCCI @BCCIdomestic',b'MuhammadSalim90',"['iplayer', 'ipl', 'kohli']",396
2020-04-07 18:34:20,b'Guys please comment below and tell me the first thing you will do after this carona.  one day this will gonna over\xe2\x80\xa6 https://t.co/pjFbA5uqWC',b'yashsejwal2111',[],1
2020-04-07 18:30:30,b'RT @Offl_TheViper: Which cricketer has huge fan base ?\n\nLike : #Kohli \n\nRetweet : #Dhoni https://t.co/Xb2xCHItXj',b'Asuran16029596',"['Kohli', 'Dhoni']",39
2020-04-07 18:03:45,b'RT @Offl_TheViper: Which cricketer has huge fan base ?\n\nLike : #Kohli \n\nRetweet : #Dhoni https://t.co/Xb2xCHItXj',b'playboy34596728',"['Kohli', 'Dhoni']",7
2020-04-07 18:02:06,b'RT @Offl_TheViper: Which cricketer has huge fan base ?\n\nLike : #Kohli \n\nRetweet : #Dhoni https://t.co/Xb2xCHItXj',b'prudhvisai73',"['Kohli', 'Dhoni']",44
2020-04-07 17:40:15,b'RT @IndianSGamer: RCB vs SRH - IPL 2020.\n\nWatch: https://t.co/zR8qDEkMPk\n\nSubscribe for more.\n\n#IPL #IPL2020 #RCBvSRH #RCBvsSRH #RCB #SRH #\xe2\x80\xa6',b'AllAboutTheSE',"['IPL', 'IPL2020', 'RCBvSRH', 'RCBvsSRH', 'RCB', 'SRH']",22
2020-04-07 17:12:47,b'RT @Offl_TheViper: Which cricketer has huge fan base ?\n\nLike : #Kohli \n\nRetweet : #Dhoni https://t.co/Xb2xCHItXj',b'drnaziafayaz',"['Kohli', 'Dhoni']",274
2020-04-07 17:05:58,b'RT @Offl_TheViper: Which cricketer has huge fan base ?\n\nLike : #Kohli \n\nRetweet : #Dhoni https://t.co/Xb2xCHItXj',b'DurgaPr10497895',"['Kohli', 'Dhoni']",3
2020-04-07 17:03:42,b'RT @Offl_TheViper: Which cricketer has huge fan base ?\n\nLike : #Kohli \n\nRetweet : #Dhoni https://t.co/Xb2xCHItXj',b'Muthuku94071325',"['Kohli', 'Dhoni']",2
2020-04-07 16:52:06,b'KOHLI AND DHONI FOREVER \xe2\x9d\xa4\n#Kohli #dhoni #MSD #kingkohli #thala #Virat #Msdian #viratian https://t.co/9sleLugOxv',b'Bollyprashwood',"['Kohli', 'dhoni', 'MSD', 'kingkohli', 'thala', 'Virat', 'Msdian', 'viratian']",35
2020-04-07 16:51:01,b'RT @Offl_TheViper: Which cricketer has huge fan base ?\n\nLike : #Kohli \n\nRetweet : #Dhoni https://t.co/Xb2xCHItXj',b'ashishbvrm',"['Kohli', 'Dhoni']",80
2020-04-07 16:51:01,b'The run...of ton machine #Kohli https://t.co/Mdb06LNqZx',b'amanrana92',['Kohli'],54
2020-04-07 16:34:23,"b'@imjsk27 @ABdeVilliers17 Greatest in ipl or domestic t20 only.. in international t20 especially in world cups ,ther\xe2\x80\xa6 https://t.co/zhyjbBigyw'",b'Naseef_Aek',[],202
2020-04-07 16:27:07,b'RT @im_ViratKohlifc: Which cricketer has huge fan base ?\n\nLike : #Kohli \n\nRetweet : #Dhoni \n\n#ViratKohli #MSDhoni \n#IPL2020 #VIVOIPL #IPL h\xe2\x80\xa6',b'AkashBh07032253',"['Kohli', 'Dhoni', 'ViratKohli', 'MSDhoni', 'IPL2020', 'VIVOIPL', 'IPL']",3
2020-04-07 16:23:19,b'RT @Offl_TheViper: Which cricketer has huge fan base ?\n\nLike : #Kohli \n\nRetweet : #Dhoni https://t.co/Xb2xCHItXj',b'NAYEEM99993',"['Kohli', 'Dhoni']",60
2020-04-07 16:16:22,"b'RT @republic: Cheteshwar Pujara, Kedar Jadhav donate undisclosed amounts for COVID-19 fight: Report #CheteshwarPujara #Kohli #Covid_19 #Cor\xe2\x80\xa6'",b'charanbv',"['CheteshwarPujara', 'Kohli', 'Covid_19']",48
2020-04-07 16:10:22,b'RT @Offl_TheViper: Which cricketer has huge fan base ?\n\nLike : #Kohli \n\nRetweet : #Dhoni https://t.co/Xb2xCHItXj',b'SalmaniacSid',"['Kohli', 'Dhoni']",172
2020-04-07 15:58:43,b'RT @Offl_TheViper: Which cricketer has huge fan base ?\n\nLike : #Kohli \n\nRetweet : #Dhoni https://t.co/Xb2xCHItXj',b'SandeepPspk10',"['Kohli', 'Dhoni']",50
2020-04-07 15:58:21,b'RT @Offl_TheViper: Which cricketer has huge fan base ?\n\nLike : #Kohli \n\nRetweet : #Dhoni https://t.co/Xb2xCHItXj',b'Gnanave09730243',"['Kohli', 'Dhoni']",16
2020-04-07 15:57:22,b'RCB vs SRH - IPL 2020.\n\nWatch: https://t.co/zR8qDEkMPk\n\nSubscribe for more.\n\n#IPL #IPL2020 #RCBvSRH #RCBvsSRH #RCB\xe2\x80\xa6 https://t.co/rO3kzsLH1R',b'IndianSGamer',"['IPL', 'IPL2020', 'RCBvSRH', 'RCBvsSRH', 'RCB']",20
2020-04-07 15:32:06,"b'RT @timesofindia: #VivRichards #Kohli #Warne #Cricket\n\n@ivivianrichards best I have seen, @imVkohli pushing the conversation: @ShaneWarne\xe2\x80\xa6'",b'amitgadreMT',"['VivRichards', 'Kohli', 'Warne', 'Cricket']",1309
2020-04-07 15:28:48,"b'RT @republic: Cheteshwar Pujara, Kedar Jadhav donate undisclosed amounts for COVID-19 fight: Report #CheteshwarPujara #Kohli #Covid_19 #Cor\xe2\x80\xa6'",b'raviraja079',"['CheteshwarPujara', 'Kohli', 'Covid_19']",158
2020-04-07 15:22:18,"b'RT @republic: Cheteshwar Pujara, Kedar Jadhav donate undisclosed amounts for COVID-19 fight: Report #CheteshwarPujara #Kohli #Covid_19 #Cor\xe2\x80\xa6'",b'Haryanviiiii',"['CheteshwarPujara', 'Kohli', 'Covid_19']",209
2020-04-07 15:20:05,b'RT @Offl_TheViper: Which cricketer has huge fan base ?\n\nLike : #Kohli \n\nRetweet : #Dhoni https://t.co/Xb2xCHItXj',b'RajuKum37787499',"['Kohli', 'Dhoni']",14
2020-04-07 15:19:39,b'RT @Offl_TheViper: Which cricketer has huge fan base ?\n\nLike : #Kohli \n\nRetweet : #Dhoni https://t.co/Xb2xCHItXj',b'Bunny02693199',"['Kohli', 'Dhoni']",0
2020-04-07 15:18:53,"b'RT @republic: Cheteshwar Pujara, Kedar Jadhav donate undisclosed amounts for COVID-19 fight: Report #CheteshwarPujara #Kohli #Covid_19 #Cor\xe2\x80\xa6'",b'pranav9983',"['CheteshwarPujara', 'Kohli', 'Covid_19']",1397
2020-04-07 15:18:23,"b'Cheteshwar Pujara, Kedar Jadhav donate undisclosed amounts for COVID-19 fight: Report #CheteshwarPujara #Kohli\xe2\x80\xa6 https://t.co/BPEI2cxRDf'",b'republic',"['CheteshwarPujara', 'Kohli']",932078
2020-04-07 15:11:21,b'RT @Offl_TheViper: Which cricketer has huge fan base ?\n\nLike : #Kohli \n\nRetweet : #Dhoni https://t.co/Xb2xCHItXj',b'Ashwin43746353',"['Kohli', 'Dhoni']",11
2020-04-07 15:03:18,b'RT @Offl_TheViper: Which cricketer has huge fan base ?\n\nLike : #Kohli \n\nRetweet : #Dhoni https://t.co/Xb2xCHItXj',b'Ganeshmary7',"['Kohli', 'Dhoni']",30
2020-04-07 15:02:27,b'RT @Offl_TheViper: Which cricketer has huge fan base ?\n\nLike : #Kohli \n\nRetweet : #Dhoni https://t.co/Xb2xCHItXj',b'UdhayJackson',"['Kohli', 'Dhoni']",1175
