Timestamp,Tweet,username,hashtags,followers_count
2020-04-08 20:52:41,"b'RT @cricbuzz: \xe2\x80\x98Very thin line of respect within current Indian team\xe2\x80\x99, says #YuvrajSingh while talking about key differences within #TeamInd\xe2\x80\xa6'",b'imzubair94',['YuvrajSingh'],604
2020-04-08 20:04:38,"b""It's #RohitSharma vs #SunilNarine in Round 2 of the CricInfo Best T2p Player Award. Choose Rohit Sharma fam!\n@ESPNcricinfo @ImRo45  \xf0\x9f\x92\x99\xf0\x9f\x92\x99\xf0\x9f\x92\x99\xf0\x9f\x92\x99""",b'sudheesh_45',"['RohitSharma', 'SunilNarine']",34
2020-04-08 19:46:56,"b'RT @TrendsRohit: On This Day In 2015\n\nRohit Sharma Scored A Unbeaten 98*(65) 12 Fours &amp; 4 Sixes Vs KKR At Eden Gardens , Kolkata \xe2\x9d\xa4!!\n\n#Rohi\xe2\x80\xa6'",b'ActorPrabhasFc_',[],309
2020-04-08 19:46:27,b'RT @Im_Ro45FC: Drop your last saved picture of Rohit Sharma \xe2\x98\xba\n\nOkay I\xe2\x80\x99ll start \xf0\x9f\x98\x8c\xe2\x9d\xa4\xef\xb8\x8f\n\n#RohitSharma @ImRo45 https://t.co/vctCIc4vug',b'ActorPrabhasFc_',['RohitSharma'],309
2020-04-08 18:40:55,b'RT @amitava0112: Alec Stewart : the Englishman who initiated the change of role of wicketkeeper-batsman https://t.co/uSdCwV1Kv9 \n\n#dhoni #k\xe2\x80\xa6',b'rs_social15',['dhoni'],1308
2020-04-08 18:34:07,b'RT @WeLoveRohit: Stylish HitMan With Coat Suit \xe2\x9d\xa4\xef\xb8\x8f\n\n#RohitSharma https://t.co/wr8au3lKb3',b'arunsaimj',['RohitSharma'],450
2020-04-08 18:12:46,"b'RT @mi___universe: On This Day In 2015\n\nRohit Sharma Scored A Unbeaten 98*(65) Against KKR At Eden Gardens, Kolkata \xe2\x9d\xa4\n\n#RohitSharma #Mumbai\xe2\x80\xa6'",b'aravindh2552',['RohitSharma'],1245
2020-04-08 18:12:13,"b""RT @dna: 'Got to share dressing room with legends like #ViratKohli, #RohitSharma': #SanjuSamson talks about not regretting time on bench\n\nh\xe2\x80\xa6""",b'RaviVS007',"['ViratKohli', 'RohitSharma', 'SanjuSamson']",87
2020-04-08 18:06:30,"b'RT @cricbuzz: \xe2\x80\x98Very thin line of respect within current Indian team\xe2\x80\x99, says #YuvrajSingh while talking about key differences within #TeamInd\xe2\x80\xa6'",b'Varuni_Y',['YuvrajSingh'],1849
2020-04-08 17:58:24,"b""RT @rhskaafan1: I'm rider \n#RohitSharma \n#ViratKohli https://t.co/8UZgI8IvNX""",b'omsnaik',"['RohitSharma', 'ViratKohli']",366
2020-04-08 17:42:19,"b'RT @pullShot_: On This Day In 2015,\n\nRohit sharma scored unbeaten 98* In 65 balls with 12 fours &amp; 4 Sixes vs KKR at Eden Garden, Kolkata \xf0\x9f\xa4\x98\xe2\x9d\xa4\xe2\x80\xa6'",b'thrivikram45',[],41
2020-04-08 17:37:59,"b'RT @pullShot_: On This Day In 2015,\n\nRohit sharma scored unbeaten 98* In 65 balls with 12 fours &amp; 4 Sixes vs KKR at Eden Garden, Kolkata \xf0\x9f\xa4\x98\xe2\x9d\xa4\xe2\x80\xa6'",b'sathishrohit045',[],95
2020-04-08 17:35:10,"b'RT @cricbuzz: \xe2\x80\x98Very thin line of respect within current Indian team\xe2\x80\x99, says #YuvrajSingh while talking about key differences within #TeamInd\xe2\x80\xa6'",b'ravi201292',['YuvrajSingh'],450
2020-04-08 17:29:59,"b""RT @rhskaafan1: I'm rider \n#RohitSharma \n#ViratKohli https://t.co/8UZgI8IvNX""",b'HOWDYMODIJI',"['RohitSharma', 'ViratKohli']",19
2020-04-08 17:23:52,b'RT @Im_Ro45FC: Drop your last saved picture of Rohit Sharma \xe2\x98\xba\n\nOkay I\xe2\x80\x99ll start \xf0\x9f\x98\x8c\xe2\x9d\xa4\xef\xb8\x8f\n\n#RohitSharma @ImRo45 https://t.co/vctCIc4vug',b'rsk_thala',['RohitSharma'],336
2020-04-08 17:23:38,b'RT @WeLoveRohit: Stylish HitMan With Coat Suit \xe2\x9d\xa4\xef\xb8\x8f\n\n#RohitSharma https://t.co/wr8au3lKb3',b'Rocky54388129',['RohitSharma'],6
2020-04-08 17:20:59,"b'RT @TrendsRohit: On This Day In 2015\n\nRohit Sharma Scored A Unbeaten 98*(65) 12 Fours &amp; 4 Sixes Vs KKR At Eden Gardens , Kolkata \xe2\x9d\xa4!!\n\n#Rohi\xe2\x80\xa6'",b'Saiteja76501421',[],72
2020-04-08 17:17:35,b'RT @Rockykiccha45: ROHIT SHARMA IN WORLD CUP \n\nINNS - 17\nRuns - 978\nAvg - 65.20\nSR - 95.98 \nH.S - 140 \n\xf0\x9f\x92\xafs - 6 \n50s - 3 \n6s - 23\n4s - 100 \nN\xe2\x80\xa6',b'Saiteja76501421',[],72
2020-04-08 17:15:20,b'RT @WeLoveRohit: Stylish HitMan With Coat Suit \xe2\x9d\xa4\xef\xb8\x8f\n\n#RohitSharma https://t.co/wr8au3lKb3',b'DhanushSakthi16',['RohitSharma'],359
2020-04-08 17:03:11,"b'RT @cricbuzz: \xe2\x80\x98Very thin line of respect within current Indian team\xe2\x80\x99, says #YuvrajSingh while talking about key differences within #TeamInd\xe2\x80\xa6'",b'SakhtDil_Krati',['YuvrajSingh'],292
2020-04-08 16:57:12,b'RT @thebharatarmy: \xf0\x9f\xa4\x94 PUT YOUR THINKING CAPS ON! Create your ultimate T20 cricketer by selecting 1 player from each category and mention the\xe2\x80\xa6',b'CricketFanatik',[],79
2020-04-08 16:53:51,b'RT @RooterSports: What are your views about this IPL XI? \xf0\x9f\xa4\x94\n\n#ShaneWarne #ViratKohli #MSDhoni #RohitSharma https://t.co/3AGU8qnVvU',b'Manvika__',"['ShaneWarne', 'ViratKohli', 'MSDhoni', 'RohitSharma']",355
2020-04-08 16:52:28,"b'RT @cricbuzz: \xe2\x80\x98Very thin line of respect within current Indian team\xe2\x80\x99, says #YuvrajSingh while talking about key differences within #TeamInd\xe2\x80\xa6'",b'TamilnaduD',['YuvrajSingh'],364
2020-04-08 16:48:10,b'RT @WeLoveRohit: Stylish HitMan With Coat Suit \xe2\x9d\xa4\xef\xb8\x8f\n\n#RohitSharma https://t.co/wr8au3lKb3',b'_Ak_45_',['RohitSharma'],137
2020-04-08 16:46:04,"b'RT @TrendsRohit: On This Day In 2015\n\nRohit Sharma Scored A Unbeaten 98*(65) 12 Fours &amp; 4 Sixes Vs KKR At Eden Gardens , Kolkata \xe2\x9d\xa4!!\n\n#Rohi\xe2\x80\xa6'",b'praba00564',[],811
2020-04-08 16:41:59,b'Virtual Assistant and Data Entry  Service\nVisit : 1.https://t.co/kaYPvOPwjL\n2.https://t.co/2Fo7IY9JPP\xe2\x80\xa6 https://t.co/ch26fj8kCf',b'khokon003',[],108
2020-04-08 16:40:01,b'RT @WeLoveRohit: Stylish HitMan With Coat Suit \xe2\x9d\xa4\xef\xb8\x8f\n\n#RohitSharma https://t.co/wr8au3lKb3',b'Rohitsu264',['RohitSharma'],184
2020-04-08 16:36:34,b'RT @WeLoveRohit: Stylish HitMan With Coat Suit \xe2\x9d\xa4\xef\xb8\x8f\n\n#RohitSharma https://t.co/wr8au3lKb3',b'OpenTalkMedia',['RohitSharma'],12149
2020-04-08 16:35:14,b'RT @gurkiratsgill: Random Cricket Trivia:\n\n@msdhoni &amp; @ImRo45 are the only two cricketers to have played all editions of @T20WorldCup for I\xe2\x80\xa6',b'StarkAditya_',[],305
2020-04-08 16:33:33,b'Random Cricket Trivia:\n\n@msdhoni &amp; @ImRo45 are the only two cricketers to have played all editions of @T20WorldCup\xe2\x80\xa6 https://t.co/dUS0ef9BKA',b'gurkiratsgill',[],390
2020-04-08 16:28:38,b'RT @Rockykiccha45: ROHIT SHARMA IN WORLD CUP \n\nINNS - 17\nRuns - 978\nAvg - 65.20\nSR - 95.98 \nH.S - 140 \n\xf0\x9f\x92\xafs - 6 \n50s - 3 \n6s - 23\n4s - 100 \nN\xe2\x80\xa6',b'priynans',[],94
2020-04-08 16:26:05,b'RT @WeLoveRohit: Stylish HitMan With Coat Suit \xe2\x9d\xa4\xef\xb8\x8f\n\n#RohitSharma https://t.co/wr8au3lKb3',b'RajaGujjarlapu1',['RohitSharma'],19
2020-04-08 16:21:01,b'RT @WeLoveRohit: Stylish HitMan With Coat Suit \xe2\x9d\xa4\xef\xb8\x8f\n\n#RohitSharma https://t.co/wr8au3lKb3',b'Thalasa17396255',['RohitSharma'],3081
2020-04-08 16:19:57,b'RT @WeLoveRohit: Stylish HitMan With Coat Suit \xe2\x9d\xa4\xef\xb8\x8f\n\n#RohitSharma https://t.co/wr8au3lKb3',b'kannan98657927',['RohitSharma'],72
2020-04-08 16:17:50,b'RT @WeLoveRohit: Stylish HitMan With Coat Suit \xe2\x9d\xa4\xef\xb8\x8f\n\n#RohitSharma https://t.co/wr8au3lKb3',b'MumbaiIndiansTN',['RohitSharma'],5441
2020-04-08 16:17:38,b'RT @WeLoveRohit: Stylish HitMan With Coat Suit \xe2\x9d\xa4\xef\xb8\x8f\n\n#RohitSharma https://t.co/wr8au3lKb3',b'AshikxsVJ',['RohitSharma'],7166
2020-04-08 16:17:13,b'#batballwithmg #prakashparv #viratkohli #hardikpandya #rohitsharma #sureshraina #virendrasehwag #pm #narendramodi\xe2\x80\xa6 https://t.co/i4Ob2LGQLe',b'muneeshgupta',"['batballwithmg', 'prakashparv', 'viratkohli', 'hardikpandya', 'rohitsharma', 'sureshraina', 'virendrasehwag', 'pm', 'narendramodi']",15
2020-04-08 16:12:59,"b'RT @mi___universe: On This Day In 2015\n\nRohit Sharma Scored A Unbeaten 98*(65) Against KKR At Eden Gardens, Kolkata \xe2\x9d\xa4\n\n#RohitSharma #Mumbai\xe2\x80\xa6'",b'ManmadhaSarika',['RohitSharma'],73
2020-04-08 16:11:30,"b'RT @pullShot_: On This Day In 2015,\n\nRohit sharma scored unbeaten 98* In 65 balls with 12 fours &amp; 4 Sixes vs KKR at Eden Garden, Kolkata \xf0\x9f\xa4\x98\xe2\x9d\xa4\xe2\x80\xa6'",b'soupboy_',[],3013
2020-04-08 16:10:35,"b'RT @pullShot_: On This Day In 2015,\n\nRohit sharma scored unbeaten 98* In 65 balls with 12 fours &amp; 4 Sixes vs KKR at Eden Garden, Kolkata \xf0\x9f\xa4\x98\xe2\x9d\xa4\xe2\x80\xa6'",b'ShreePani45',[],160
2020-04-08 16:08:23,b'RT @WeLoveRohit: Stylish HitMan With Coat Suit \xe2\x9d\xa4\xef\xb8\x8f\n\n#RohitSharma https://t.co/wr8au3lKb3',b'tejach9999',['RohitSharma'],245
2020-04-08 16:08:16,b'RT @WeLoveRohit: Stylish HitMan With Coat Suit \xe2\x9d\xa4\xef\xb8\x8f\n\n#RohitSharma https://t.co/wr8au3lKb3',b'VijayCultSuman',['RohitSharma'],2330
2020-04-08 16:07:49,"b'RT @pullShot_: On This Day In 2015,\n\nRohit sharma scored unbeaten 98* In 65 balls with 12 fours &amp; 4 Sixes vs KKR at Eden Garden, Kolkata \xf0\x9f\xa4\x98\xe2\x9d\xa4\xe2\x80\xa6'",b'imgbr45',[],233
2020-04-08 16:07:17,b'RT @WeLoveRohit: Stylish HitMan With Coat Suit \xe2\x9d\xa4\xef\xb8\x8f\n\n#RohitSharma https://t.co/wr8au3lKb3',b'seenusachin29',['RohitSharma'],184
2020-04-08 16:07:07,"b""RT @indiacom: #IPL2020 #cricket @robbieuthappa heaps rich praise on 'good leader' @Imro45, calls @GautamGambhir best captain to play under\xe2\x80\xa6""",b'ChandniGovind',"['IPL2020', 'cricket']",985
2020-04-08 16:06:34,b'Stylish HitMan With Coat Suit \xe2\x9d\xa4\xef\xb8\x8f\n\n#RohitSharma https://t.co/wr8au3lKb3',b'WeLoveRohit',['RohitSharma'],2282
2020-04-08 16:03:33,b'@MedallinSports He is MATTHEW WADE \n\n#MedallinSports  \n#ICCT20cricketworldcup #Indiancricketteam #Australia2020\xe2\x80\xa6 https://t.co/ag2NcA0iH4',b'SirajMuhammadai',"['MedallinSports', 'ICCT20cricketworldcup', 'Indiancricketteam', 'Australia2020']",758
2020-04-08 16:03:27,b'RT @Rockykiccha45: ROHIT SHARMA IN WORLD CUP \n\nINNS - 17\nRuns - 978\nAvg - 65.20\nSR - 95.98 \nH.S - 140 \n\xf0\x9f\x92\xafs - 6 \n50s - 3 \n6s - 23\n4s - 100 \nN\xe2\x80\xa6',b'Urstruly__Vamsi',[],1076
2020-04-08 16:02:51,b'RT @Rockykiccha45: ROHIT SHARMA IN WORLD CUP \n\nINNS - 17\nRuns - 978\nAvg - 65.20\nSR - 95.98 \nH.S - 140 \n\xf0\x9f\x92\xafs - 6 \n50s - 3 \n6s - 23\n4s - 100 \nN\xe2\x80\xa6',b'suryajamieson',[],532
2020-04-08 15:57:47,"b'RT @mi___universe: On This Day In 2015\n\nRohit Sharma Scored A Unbeaten 98*(65) Against KKR At Eden Gardens, Kolkata \xe2\x9d\xa4\n\n#RohitSharma #Mumbai\xe2\x80\xa6'",b'VenkyKnr7',['RohitSharma'],53
2020-04-08 15:52:20,b'RT @Im_Ro45FC: Drop your last saved picture of Rohit Sharma \xe2\x98\xba\n\nOkay I\xe2\x80\x99ll start \xf0\x9f\x98\x8c\xe2\x9d\xa4\xef\xb8\x8f\n\n#RohitSharma @ImRo45 https://t.co/vctCIc4vug',b'KunwarPaper',['RohitSharma'],4
2020-04-08 15:43:11,b'Alec Stewart : the Englishman who initiated the change of role of wicketkeeper-batsman https://t.co/uSdCwV1Kv9\xe2\x80\xa6 https://t.co/761FijpIJv',b'amitava0112',[],80
2020-04-08 15:42:31,"b'RT @pullShot_: On This Day In 2015,\n\nRohit sharma scored unbeaten 98* In 65 balls with 12 fours &amp; 4 Sixes vs KKR at Eden Garden, Kolkata \xf0\x9f\xa4\x98\xe2\x9d\xa4\xe2\x80\xa6'",b'SakethNannaka',[],472
2020-04-08 15:41:50,b'\xf0\x9f\xa4\x94 PUT YOUR THINKING CAPS ON! Create your ultimate T20 cricketer by selecting 1 player from each category and mentio\xe2\x80\xa6 https://t.co/UvPtVzF4Zc',b'thebharatarmy',[],29359
2020-04-08 15:32:12,"b""RT @dna: 'Got to share dressing room with legends like #ViratKohli, #RohitSharma': #SanjuSamson talks about not regretting time on bench\n\nh\xe2\x80\xa6""",b'SinglehandSubbu',"['ViratKohli', 'RohitSharma', 'SanjuSamson']",210
2020-04-08 15:31:44,"b'RT @cricbuzz: \xe2\x80\x98Very thin line of respect within current Indian team\xe2\x80\x99, says #YuvrajSingh while talking about key differences within #TeamInd\xe2\x80\xa6'",b'BeingUsamaVirk',['YuvrajSingh'],804
2020-04-08 15:30:20,"b'RT @TrendsRohit: On This Day In 2015\n\nRohit Sharma Scored A Unbeaten 98*(65) 12 Fours &amp; 4 Sixes Vs KKR At Eden Gardens , Kolkata \xe2\x9d\xa4!!\n\n#Rohi\xe2\x80\xa6'",b'mahesh_boos',[],316
2020-04-08 15:28:40,"b'RT @pullShot_: On This Day In 2015,\n\nRohit sharma scored unbeaten 98* In 65 balls with 12 fours &amp; 4 Sixes vs KKR at Eden Garden, Kolkata \xf0\x9f\xa4\x98\xe2\x9d\xa4\xe2\x80\xa6'",b'ravanan_sai',[],1587
2020-04-08 15:20:04,"b'RT @TrendsRohit: On This Day In 2015\n\nRohit Sharma Scored A Unbeaten 98*(65) 12 Fours &amp; 4 Sixes Vs KKR At Eden Gardens , Kolkata \xe2\x9d\xa4!!\n\n#Rohi\xe2\x80\xa6'",b'Anbanafans',[],131
2020-04-08 15:19:21,"b'RT @mi___universe: On This Day In 2015\n\nRohit Sharma Scored A Unbeaten 98*(65) Against KKR At Eden Gardens, Kolkata \xe2\x9d\xa4\n\n#RohitSharma #Mumbai\xe2\x80\xa6'",b'Thamizh____',['RohitSharma'],222
2020-04-08 15:19:14,b'RT @Rockykiccha45: ROHIT SHARMA IN WORLD CUP \n\nINNS - 17\nRuns - 978\nAvg - 65.20\nSR - 95.98 \nH.S - 140 \n\xf0\x9f\x92\xafs - 6 \n50s - 3 \n6s - 23\n4s - 100 \nN\xe2\x80\xa6',b'HITMANTEAM45',[],323
2020-04-08 15:18:55,b'RT @Rockykiccha45: ROHIT SHARMA IN WORLD CUP \n\nINNS - 17\nRuns - 978\nAvg - 65.20\nSR - 95.98 \nH.S - 140 \n\xf0\x9f\x92\xafs - 6 \n50s - 3 \n6s - 23\n4s - 100 \nN\xe2\x80\xa6',b'Rockykiccha45',[],910
2020-04-08 15:15:58,b'RT @Im_Ro45FC: Drop your last saved picture of Rohit Sharma \xe2\x98\xba\n\nOkay I\xe2\x80\x99ll start \xf0\x9f\x98\x8c\xe2\x9d\xa4\xef\xb8\x8f\n\n#RohitSharma @ImRo45 https://t.co/vctCIc4vug',b'MersalS38619734',['RohitSharma'],102
2020-04-08 15:15:53,b'RT @IamRo451: I love you Rohit sir !!! \n\nMiss u na sir \xf0\x9f\xa4\x97\n\n\xf0\x9f\x98\x8d\xf0\x9f\x98\x98\xf0\x9f\x98\x98\xf0\x9f\x98\x98\n\nStay home stay safe guys!! \n\n#rohitsharma\n#hitman\n#CoronaUpdatesInIndia \n#C\xe2\x80\xa6',b'Universe_rohit4',"['rohitsharma', 'hitman', 'CoronaUpdatesInIndia']",104
2020-04-08 15:13:51,"b'RT @pullShot_: On This Day In 2015,\n\nRohit sharma scored unbeaten 98* In 65 balls with 12 fours &amp; 4 Sixes vs KKR at Eden Garden, Kolkata \xf0\x9f\xa4\x98\xe2\x9d\xa4\xe2\x80\xa6'",b'rahul_rohitian',[],6
2020-04-08 15:12:53,b'RT @double_century: Most sixes by a player in first over in odi :-\n#RohitSharma - 35\nSehwag - 19\nGayle - 16\nGillchrist - 14\nJayasuriya - 13\xe2\x80\xa6',b'double_century',['RohitSharma'],1302
2020-04-08 15:11:59,"b""RT @cricket_country: #IPL2020 #cricket @robbieuthappa heaps rich praise on 'good leader' @Imro45, calls @GautamGambhir best captain to play\xe2\x80\xa6""",b'SinglehandSubbu',"['IPL2020', 'cricket']",210
2020-04-08 15:11:46,"b""RT @JV_208: Rohit's All Intl \xf0\x9f\x92\xaf s  and some of the Great Knocks from Hitman\xf0\x9f\x98\x8e\n\nTotal :- 71 Intl Fifty+ Scores (115)\nHere's d Link\xf0\x9f\x91\x87\n\nhttps://t\xe2\x80\xa6""",b'JerseyNo45_',[],287
2020-04-08 15:09:51,"b'RT @mi___universe: On This Day In 2015\n\nRohit Sharma Scored A Unbeaten 98*(65) Against KKR At Eden Gardens, Kolkata \xe2\x9d\xa4\n\n#RohitSharma #Mumbai\xe2\x80\xa6'",b'NaveenOrton45',['RohitSharma'],186
2020-04-08 14:55:34,b'RT @Rockykiccha45: ROHIT SHARMA IN WORLD CUP \n\nINNS - 17\nRuns - 978\nAvg - 65.20\nSR - 95.98 \nH.S - 140 \n\xf0\x9f\x92\xafs - 6 \n50s - 3 \n6s - 23\n4s - 100 \nN\xe2\x80\xa6',b'Krishna02837069',[],376
2020-04-08 14:54:06,b'RT @Rockykiccha45: ROHIT SHARMA IN WORLD CUP \n\nINNS - 17\nRuns - 978\nAvg - 65.20\nSR - 95.98 \nH.S - 140 \n\xf0\x9f\x92\xafs - 6 \n50s - 3 \n6s - 23\n4s - 100 \nN\xe2\x80\xa6',b'Harun_264',[],262
2020-04-08 14:51:34,b'RT @Rockykiccha45: ROHIT SHARMA IN WORLD CUP \n\nINNS - 17\nRuns - 978\nAvg - 65.20\nSR - 95.98 \nH.S - 140 \n\xf0\x9f\x92\xafs - 6 \n50s - 3 \n6s - 23\n4s - 100 \nN\xe2\x80\xa6',b'imcharanro45',[],371
2020-04-08 14:50:30,b'RT @Rockykiccha45: ROHIT SHARMA IN WORLD CUP \n\nINNS - 17\nRuns - 978\nAvg - 65.20\nSR - 95.98 \nH.S - 140 \n\xf0\x9f\x92\xafs - 6 \n50s - 3 \n6s - 23\n4s - 100 \nN\xe2\x80\xa6',b'ThalaDaas',[],191
2020-04-08 14:48:11,b'RT @Rockykiccha45: ROHIT SHARMA IN WORLD CUP \n\nINNS - 17\nRuns - 978\nAvg - 65.20\nSR - 95.98 \nH.S - 140 \n\xf0\x9f\x92\xafs - 6 \n50s - 3 \n6s - 23\n4s - 100 \nN\xe2\x80\xa6',b'45Likith',[],297
2020-04-08 14:47:44,b'ROHIT SHARMA IN WORLD CUP \n\nINNS - 17\nRuns - 978\nAvg - 65.20\nSR - 95.98 \nH.S - 140 \n\xf0\x9f\x92\xafs - 6 \n50s - 3 \n6s - 23\n4s - 1\xe2\x80\xa6 https://t.co/twKiconcQC',b'Rockykiccha45',[],910
2020-04-08 14:46:32,"b'RT @TrendsRohit: On This Day In 2015\n\nRohit Sharma Scored A Unbeaten 98*(65) 12 Fours &amp; 4 Sixes Vs KKR At Eden Gardens , Kolkata \xe2\x9d\xa4!!\n\n#Rohi\xe2\x80\xa6'",b'SubbuRathod',[],72
2020-04-08 14:40:54,"b'RT @mi___universe: On This Day In 2015\n\nRohit Sharma Scored A Unbeaten 98*(65) Against KKR At Eden Gardens, Kolkata \xe2\x9d\xa4\n\n#RohitSharma #Mumbai\xe2\x80\xa6'",b'Ganesh_265',['RohitSharma'],2710
2020-04-08 14:40:00,"b'RT @mi___universe: On This Day In 2015\n\nRohit Sharma Scored A Unbeaten 98*(65) Against KKR At Eden Gardens, Kolkata \xe2\x9d\xa4\n\n#RohitSharma #Mumbai\xe2\x80\xa6'",b'manirmk100',['RohitSharma'],732
2020-04-08 14:29:40,"b'RT @TrendsRohit: On This Day In 2015\n\nRohit Sharma Scored A Unbeaten 98*(65) 12 Fours &amp; 4 Sixes Vs KKR At Eden Gardens , Kolkata \xe2\x9d\xa4!!\n\n#Rohi\xe2\x80\xa6'",b'45Likith',[],297
2020-04-08 14:26:53,"b'RT @mi___universe: On This Day In 2015\n\nRohit Sharma Scored A Unbeaten 98*(65) Against KKR At Eden Gardens, Kolkata \xe2\x9d\xa4\n\n#RohitSharma #Mumbai\xe2\x80\xa6'",b'dhanushveriyann',['RohitSharma'],2242
2020-04-08 14:26:22,"b'RT @mi___universe: On This Day In 2015\n\nRohit Sharma Scored A Unbeaten 98*(65) Against KKR At Eden Gardens, Kolkata \xe2\x9d\xa4\n\n#RohitSharma #Mumbai\xe2\x80\xa6'",b'KRatnaBabu5',['RohitSharma'],200
2020-04-08 14:25:34,"b'RT @mi___universe: On This Day In 2015\n\nRohit Sharma Scored A Unbeaten 98*(65) Against KKR At Eden Gardens, Kolkata \xe2\x9d\xa4\n\n#RohitSharma #Mumbai\xe2\x80\xa6'",b'Im_Ro45FC',['RohitSharma'],3782
2020-04-08 14:21:10,"b""RT @indiacom: #IPL2020 #cricket @robbieuthappa heaps rich praise on 'good leader' @Imro45, calls @GautamGambhir best captain to play under\xe2\x80\xa6""",b'gogulgambhir',"['IPL2020', 'cricket']",37
2020-04-08 14:21:07,"b'On This Day In 2015\n\nRohit Sharma Scored A Unbeaten 98*(65) Against KKR At Eden Gardens, Kolkata \xe2\x9d\xa4\n\n#RohitSharma\xe2\x80\xa6 https://t.co/omZxuwNqQP'",b'mi___universe',['RohitSharma'],1838
2020-04-08 14:10:01,"b'Hold Indo-Pak series to raise funds for COVID-19 pandemic, says Shoaib Akhtar\n@shoaib100mph @TheRealPCB @BCCI\xe2\x80\xa6 https://t.co/0uUzUOKCye'",b'inn_swinger',[],127
2020-04-08 14:05:33,b'LIVE Chat:\xc2\xa0#YuvrajSingh Reveals Difference Between Current Cricket Team &amp; Seniors To #RohitSharma\xe2\x80\xa6 https://t.co/xXqgwlxQNz',b'behindwoods',"['YuvrajSingh', 'RohitSharma']",891501
2020-04-08 14:03:40,b'RT @CricketNDTV: Rohit Sharma caught up with his former Mumbai Indians teammate Yuvraj Singh in an Instagram live session\n\n#YuvrajSingh\n#Ro\xe2\x80\xa6',b'Yogivalavi_',['YuvrajSingh'],237
2020-04-08 14:00:24,"b'RT @cricbuzz: \xe2\x80\x98Very thin line of respect within current Indian team\xe2\x80\x99, says #YuvrajSingh while talking about key differences within #TeamInd\xe2\x80\xa6'",b'Yogivalavi_',['YuvrajSingh'],237
2020-04-08 13:58:36,b'RT @TNYSArmy: \xe2\x99\xa5\xef\xb8\x8f The best insta live ever two Indian champions @ImRo45 @YUVSTRONG12 \xe2\x99\xa5\xef\xb8\x8f\n\xf0\x9f\x98\x98They were opens up their Love Bond \xf0\x9f\x98\x8d\xf0\x9f\x98\x8d\n\n#YuvrajSingh\xe2\x80\xa6',b'Yogivalavi_',['YuvrajSingh'],237
2020-04-08 13:54:21,"b""RT @dna: 'Got to share dressing room with legends like #ViratKohli, #RohitSharma': #SanjuSamson talks about not regretting time on bench\n\nh\xe2\x80\xa6""",b'ImSuyog87',"['ViratKohli', 'RohitSharma', 'SanjuSamson']",232
2020-04-08 13:53:58,"b""'Got to share dressing room with legends like #ViratKohli, #RohitSharma': #SanjuSamson talks about not regretting t\xe2\x80\xa6 https://t.co/Pln8AkUhAr""",b'dna',"['ViratKohli', 'RohitSharma', 'SanjuSamson']",2115487
2020-04-08 13:52:47,b'RT @045Sandeep: What is @ImRo45  highest  score in tests..?\n@Rohika_ro45 \n@ImRo45 \n#rohitsharma \n#RohitSharma https://t.co/7gB1UFL5J7',b'Rohika_ro45',"['rohitsharma', 'RohitSharma']",1231
2020-04-08 13:45:45,b'Place your orders now!\n\n#cricket #cricketbat #bat #batsman #willow #cricketer #batting #viratkohli #msdhoni\xe2\x80\xa6 https://t.co/n9ixRoYhQN',b'kpjilla',"['cricket', 'cricketbat', 'bat', 'batsman', 'willow', 'cricketer', 'batting', 'viratkohli', 'msdhoni']",237
2020-04-08 13:42:23,"b'RT @TrendsRohit: On This Day In 2015\n\nRohit Sharma Scored A Unbeaten 98*(65) 12 Fours &amp; 4 Sixes Vs KKR At Eden Gardens , Kolkata \xe2\x9d\xa4!!\n\n#Rohi\xe2\x80\xa6'",b'Pavan1221376074',[],4
2020-04-08 13:34:39,b'Alzari Joseph Record Breaking spell.. MI vs SRH 2019 IPL Highlights #MIvSRH #AlzarriJoseph #IPL #IPL2020 #iplt20\xe2\x80\xa6 https://t.co/lnXHIIBgpU',b'vijayveriyan01',"['MIvSRH', 'AlzarriJoseph', 'IPL', 'IPL2020', 'iplt20']",95
2020-04-08 13:31:38,"b""RT @cricket_country: #IPL2020 #cricket @robbieuthappa heaps rich praise on 'good leader' @Imro45, calls @GautamGambhir best captain to play\xe2\x80\xa6""",b'imrajurr',"['IPL2020', 'cricket']",113
2020-04-08 13:31:13,"b""RT @indiacom: #IPL2020 #cricket @robbieuthappa heaps rich praise on 'good leader' @Imro45, calls @GautamGambhir best captain to play under\xe2\x80\xa6""",b'imrajurr',"['IPL2020', 'cricket']",113
2020-04-08 13:25:38,"b'RT @TrendsRohit: On This Day In 2015\n\nRohit Sharma Scored A Unbeaten 98*(65) 12 Fours &amp; 4 Sixes Vs KKR At Eden Gardens , Kolkata \xe2\x9d\xa4!!\n\n#Rohi\xe2\x80\xa6'",b'iemhearty',[],270
2020-04-08 13:21:37,"b'RT @TrendsRohit: On This Day In 2015\n\nRohit Sharma Scored A Unbeaten 98*(65) 12 Fours &amp; 4 Sixes Vs KKR At Eden Gardens , Kolkata \xe2\x9d\xa4!!\n\n#Rohi\xe2\x80\xa6'",b'CharanFreak',[],1221
2020-04-08 13:21:28,"b'RT @pullShot_: On This Day In 2015,\n\nRohit sharma scored unbeaten 98* In 65 balls with 12 fours &amp; 4 Sixes vs KKR at Eden Garden, Kolkata \xf0\x9f\xa4\x98\xe2\x9d\xa4\xe2\x80\xa6'",b'SivaNeelam9',[],147
