Timestamp,Tweet,username,hashtags,followers_count
2020-04-08 21:20:39,"b'RT @BDjite: We are doing so well, but it\xe2\x80\x99s like being 2-0 up at halftime. Can\xe2\x80\x99t get complacent, keep the pressure on and finish the job off\xe2\x80\xa6'",b'dzurlady',[],114
2020-04-08 21:04:49,"b'RT @BDjite: We are doing so well, but it\xe2\x80\x99s like being 2-0 up at halftime. Can\xe2\x80\x99t get complacent, keep the pressure on and finish the job off\xe2\x80\xa6'",b'StevenSewell5',[],83
2020-04-08 20:45:07,"b""Quick question @ScottMorrisonMP:\nNow we're all supposedly on #TeamAustralia, will you formally abandon the\xe2\x80\xa6 https://t.co/u6wdzNCTnr""",b'alawriedejesus',['TeamAustralia'],2893
2020-04-08 12:39:52,"b'RT @BDjite: We are doing so well, but it\xe2\x80\x99s like being 2-0 up at halftime. Can\xe2\x80\x99t get complacent, keep the pressure on and finish the job off\xe2\x80\xa6'",b'MrT_teach_fool',[],119
2020-04-08 10:03:40,b'RT @blixagerl: @BlytheByName @JeremyPoxon Well done on getting through. Honestly the disability pension is harder to get than an OA and 50\xe2\x80\xa6',b'LNPvoterfail',[],4408
2020-04-08 09:53:33,b'@petermdennis66 @elyobo @inthecheapseat1 @CollignonPeter @MikeCarlton01 It\xe2\x80\x99s miraculous what National Cabinet has a\xe2\x80\xa6 https://t.co/nGgTex6S9S',b'fischerkim',[],478
2020-04-08 09:35:36,b'RT @blixagerl: @BlytheByName @JeremyPoxon Well done on getting through. Honestly the disability pension is harder to get than an OA and 50\xe2\x80\xa6',b'parisasparagus',[],1113
2020-04-08 09:25:12,b'@AlboMP is this true?! \nWhy would you let our most vulnerable suffer needlessly because you didnt get credit for it\xe2\x80\xa6 https://t.co/n3rZz9TnSJ',b'moonscapecat',[],69
2020-04-08 07:21:11,"b'RT @BDjite: We are doing so well, but it\xe2\x80\x99s like being 2-0 up at halftime. Can\xe2\x80\x99t get complacent, keep the pressure on and finish the job off\xe2\x80\xa6'",b'Lemon_Corkscrew',[],32
2020-04-08 06:57:46,b'RT @blixagerl: @BlytheByName @JeremyPoxon Well done on getting through. Honestly the disability pension is harder to get than an OA and 50\xe2\x80\xa6',b'VOTINGindepend',[],1701
2020-04-08 06:13:02,"b'RT @BDjite: We are doing so well, but it\xe2\x80\x99s like being 2-0 up at halftime. Can\xe2\x80\x99t get complacent, keep the pressure on and finish the job off\xe2\x80\xa6'",b'giange94',[],6860
2020-04-08 05:13:24,"b'RT @BDjite: We are doing so well, but it\xe2\x80\x99s like being 2-0 up at halftime. Can\xe2\x80\x99t get complacent, keep the pressure on and finish the job off\xe2\x80\xa6'",b'peterfilopoulos',[],5129
2020-04-08 04:54:57,"b'RT @BDjite: We are doing so well, but it\xe2\x80\x99s like being 2-0 up at halftime. Can\xe2\x80\x99t get complacent, keep the pressure on and finish the job off\xe2\x80\xa6'",b'CoreyGameiro',[],4309
2020-04-08 04:51:59,"b'RT @BDjite: We are doing so well, but it\xe2\x80\x99s like being 2-0 up at halftime. Can\xe2\x80\x99t get complacent, keep the pressure on and finish the job off\xe2\x80\xa6'",b'Matr1x23',[],152
2020-04-08 04:41:21,b'RT @blixagerl: @BlytheByName @JeremyPoxon Well done on getting through. Honestly the disability pension is harder to get than an OA and 50\xe2\x80\xa6',b'creativemercury',[],1485
2020-04-08 04:15:29,"b'RT @BDjite: We are doing so well, but it\xe2\x80\x99s like being 2-0 up at halftime. Can\xe2\x80\x99t get complacent, keep the pressure on and finish the job off\xe2\x80\xa6'",b'rikkilambert',[],1746
2020-04-08 04:13:28,"b'We are doing so well, but it\xe2\x80\x99s like being 2-0 up at halftime. Can\xe2\x80\x99t get complacent, keep the pressure on and finish\xe2\x80\xa6 https://t.co/nGKLioz1KV'",b'BDjite',[],13703
2020-04-08 03:14:26,"b""'Team Australia' = a term used by the right to make them appear patriotic while also inclusive, but is actually use\xe2\x80\xa6 https://t.co/nWJVN7Wd1Y""",b'YeOldeLefty',[],51
2020-04-08 02:31:25,b'@BlytheByName @JeremyPoxon Well done on getting through. Honestly the disability pension is harder to get than an O\xe2\x80\xa6 https://t.co/w2Qe4APDPg',b'blixagerl',[],158
2020-04-07 17:51:15,"b'Josephine Langford and Jacob Elordi, J+J, this I would very like 2 see. #TeamAustralia #AussiePower https://t.co/QSc9cpkiCH'",b'HerophineShipp2',"['TeamAustralia', 'AussiePower']",10
2020-04-07 05:54:45,"b'Brendan Murphy states clearly that #TeamAustralia is not going for ""herd immunity"" in press conference.\n\nThis is re\xe2\x80\xa6 https://t.co/YGMdRYCksu'",b'KettleSpeaks',['TeamAustralia'],105
2020-04-06 06:36:55,b'Taurus Announcement | Introducing our new COVID-19 Page! Visit here for our thoughts &amp; communication on doing busin\xe2\x80\xa6 https://t.co/dtysn1FmJz',b'TaurusMarketing',[],1678
2020-04-06 03:54:27,b'#StayingHome | Anyone else getting addicted to baking and cooking? Because we are! Delish takeaway cookie dough fro\xe2\x80\xa6 https://t.co/dpD51YRZX6',b'TaurusMarketing',['StayingHome'],1678
2020-04-05 23:52:52,"b'""transformational climate-friendly steps are stimulus-ready"" #lifeafterCOVID Let\'s go #TeamAustralia! \xf0\x9f\x8c\xbb\xf0\x9f\x8c\x9e\nhttps://t.co/W2PAOiM2Xr'",b'ishawam',"['lifeafterCOVID', 'TeamAustralia']",86
2020-04-05 10:47:39,b'RT @honkler69: #Auspol still waiting for #teamparasite politicians &amp; their bureaurats to join #teamAustralia in a pay cut or job loss or is\xe2\x80\xa6',b'StevenSoteriou',"['Auspol', 'teamparasite', 'teamAustralia']",264
2020-04-05 09:07:09,b'RT @Wellbeing_au: Sunday @GoZwift group ride with @UniversitySA #Invictus Pathways &amp; @aussieinvictus @WeAreInvictus Cyclists seen us travel\xe2\x80\xa6',b'martincolclough',['Invictus'],1345
2020-04-05 08:28:48,b'@HeatherHolst @TUNSW Name  names. That\xe2\x80\x99s really #ScottyFomMarketing #TeamAustralia',b'Andrew_McCallum',"['ScottyFomMarketing', 'TeamAustralia']",664
2020-04-05 06:56:37,b'@DrPPRam Ha! This says it all: \nAustralian answer - Aerosmith \xe2\x80\x98I don\xe2\x80\x99t want to miss a thing\xe2\x80\x99\nUK answer - B*witched\xe2\x80\xa6 https://t.co/VPOSaOfQY0',b'chloe_kitto',[],571
2020-04-05 06:18:07,b'Sunday @GoZwift group ride with @UniversitySA #Invictus Pathways &amp; @aussieinvictus @WeAreInvictus Cyclists seen us\xe2\x80\xa6 https://t.co/vzWb3AZoKw',b'Wellbeing_au',['Invictus'],688
2020-04-04 10:07:04,b'RT @Andrew_McCallum: @ricklevy67 @KeithKaren1 @ScottMorrisonMP This is what #teamAustralia looks like to #ScottyFomMarketing',b'fedupofpollys',"['teamAustralia', 'ScottyFomMarketing']",8584
2020-04-04 09:39:10,b'RT @Andrew_McCallum: @ricklevy67 @KeithKaren1 @ScottMorrisonMP This is what #teamAustralia looks like to #ScottyFomMarketing',b'KeithKaren1',"['teamAustralia', 'ScottyFomMarketing']",3307
2020-04-04 09:37:29,b'RT @Andrew_McCallum: @ricklevy67 @KeithKaren1 @ScottMorrisonMP This is what #teamAustralia looks like to #ScottyFomMarketing',b'ricklevy67',"['teamAustralia', 'ScottyFomMarketing']",3966
2020-04-04 09:36:43,b'@ricklevy67 @KeithKaren1 @ScottMorrisonMP This is what #teamAustralia looks like to #ScottyFomMarketing',b'Andrew_McCallum',"['teamAustralia', 'ScottyFomMarketing']",664
2020-04-04 00:06:48,b'RT @geoffderrick: Shame @Qantas - what happened to #TeamAustralia?',b'ianlisser',['TeamAustralia'],972
2020-04-03 09:42:10,b'Shame @Qantas - what happened to #TeamAustralia? https://t.co/9oQ9hKhFUj',b'geoffderrick',['TeamAustralia'],1182
2020-04-03 07:11:51,b'#Coronaaustralia Seriously. Could we please shut down roll out of 5G in our country #TeamAustralia? Why? Because 5G\xe2\x80\xa6 https://t.co/mVwLZP1QKM',b'Marian_Writer',"['Coronaaustralia', 'TeamAustralia']",852
2020-04-03 05:48:14,b'Thanks for standing up for temporary workers @KKeneally My #teamaustralia includes them. https://t.co/7L3RfkU1IF',b'danivalent',['teamaustralia'],7019
2020-04-03 05:23:38,b'Let\xe2\x80\x99s not be scared or hesitate about these changes being thrust upon us. The mood is right to reinvent the way we\xe2\x80\xa6 https://t.co/g9JtOZRxsM',b'SharonWilliams_',[],1090
2020-04-03 00:41:58,"b'RT @HelenOHare8: @abcnews The #PM, our #NationalCabinet and #SallyMcManus are doing an amazing job. I\xe2\x80\x99m a Labor voter - but I\xe2\x80\x99m really impr\xe2\x80\xa6'",b'TahliaJenni',"['PM', 'NationalCabinet', 'SallyMcManus']",1168
2020-04-03 00:35:14,"b'RT @HelenOHare8: @abcnews The #PM, our #NationalCabinet and #SallyMcManus are doing an amazing job. I\xe2\x80\x99m a Labor voter - but I\xe2\x80\x99m really impr\xe2\x80\xa6'",b'OZzSue4',"['PM', 'NationalCabinet', 'SallyMcManus']",456
2020-04-03 00:34:44,"b'@abcnews The #PM, our #NationalCabinet and #SallyMcManus are doing an amazing job. I\xe2\x80\x99m a Labor voter - but I\xe2\x80\x99m real\xe2\x80\xa6 https://t.co/4Wa6g6uduh'",b'HelenOHare8',"['PM', 'NationalCabinet', 'SallyMcManus']",1
2020-04-02 09:42:47,b'@LotusOak2 @BeachMilk Yes @LotusOak2 #Brussels Becomes First Major City to Halt #5G Due to Health Effects\xe2\x80\xa6 https://t.co/lNApA5dPyN',b'Marian_Writer',"['Brussels', '5G']",852
2020-04-02 09:02:00,b'@PaulineHansonOz @OneNationAus #teamaustralia. Adds further weight to what the Australian Government have already d\xe2\x80\xa6 https://t.co/uM3JfkCfTR',b'StevenStrong3',['teamaustralia'],304
2020-04-02 06:16:28,"b'Looks like #ScottyFromMarketing has had top up media training. Still woeful, but almost gets his points across. Sti\xe2\x80\xa6 https://t.co/SO4pCEgOdt'",b'blixagerl',['ScottyFromMarketing'],158
2020-04-02 04:13:04,"b'@ScottMorrisonMP the weeks &amp; months ahead of us going to be tough, no simple way of saying that, it will be, it aff\xe2\x80\xa6 https://t.co/SIyYWoUJ0S'",b'LindaAHardy',[],636
2020-04-02 02:44:05,"b""Let's go Wesfarmers\n\nhttps://t.co/wIJaSyazTd\n\n#TeamAustralia https://t.co/7lmDxAvKEn""",b'thecattery',['TeamAustralia'],1067
2020-04-02 02:35:47,"b""@ByClare @VirusWatchAU no blue or red teams, just #TeamAustralia we're all in this together, keep positive folks th\xe2\x80\xa6 https://t.co/Z0YaIrjgIv""",b'LindaAHardy',['TeamAustralia'],636
2020-04-02 02:24:23,b'Industry Alert | COVID-19 has dealt another blow -  Advertising revenue has slumped &amp; @newscorpaus has suspended 60\xe2\x80\xa6 https://t.co/EtqueMRoKn',b'TaurusMarketing',[],1678
2020-04-02 00:31:41,b'RT @danivalent: I hear you are listening @ScottMorrisonMP @PeterDutton_MP @JoshFrydenberg as we advocate for COVID-19 benefits to be extend\xe2\x80\xa6',b'nolamjames',[],44
2020-04-02 00:20:16,b'I hear you are listening @ScottMorrisonMP @PeterDutton_MP @JoshFrydenberg as we advocate for COVID-19 benefits to b\xe2\x80\xa6 https://t.co/lO0v8FW0qa',b'danivalent',[],7019
2020-04-01 23:50:06,"b""RT @JosephArmand1: @Adam_Creighton Once again #TeamMurdoch finds its allegiances at odds with #TeamAustralia!\n\nShould the govt's efforts pr\xe2\x80\xa6""",b'Margare37237673',"['TeamMurdoch', 'TeamAustralia']",294
2020-04-01 22:33:32,b'#CorruptLNPgovt!... hands money out to the already priviliged via the ATO to fudge the true numbers of unemployed!\xe2\x80\xa6 https://t.co/QzrxGiH06j',b'lobbycoorg',['CorruptLNPgovt'],384
2020-04-01 20:32:29,b'RT @freight_on_rail: All aboard #TeamAustralia - let us thank our dedicated freight workers who are helping to keep our economy moving duri\xe2\x80\xa6',b'ParkesHub',['TeamAustralia'],443
2020-04-01 11:31:59,"b""@Adam_Creighton Once again #TeamMurdoch finds its allegiances at odds with #TeamAustralia!\n\nShould the govt's effor\xe2\x80\xa6 https://t.co/X5rbHChyTT""",b'JosephArmand1',"['TeamMurdoch', 'TeamAustralia']",277
2020-04-01 08:32:49,b'RT @danivalent: 1100+ signatures in a few hours. Great to see #teamaustralia cares. Please keep signing and sharing.',b'nolamjames',['teamaustralia'],44
2020-04-01 07:25:09,b'RT @danivalent: 1100+ signatures in a few hours. Great to see #teamaustralia cares. Please keep signing and sharing.',b'onetui',['teamaustralia'],5265
